-- phpMyAdmin SQL Dump
-- version 4.9.1
-- https://www.phpmyadmin.net/
--
-- Host: 127.0.0.1
-- Waktu pembuatan: 24 Des 2021 pada 11.37
-- Versi server: 10.4.8-MariaDB
-- Versi PHP: 7.1.33

SET SQL_MODE = "NO_AUTO_VALUE_ON_ZERO";
SET AUTOCOMMIT = 0;
START TRANSACTION;
SET time_zone = "+00:00";


/*!40101 SET @OLD_CHARACTER_SET_CLIENT=@@CHARACTER_SET_CLIENT */;
/*!40101 SET @OLD_CHARACTER_SET_RESULTS=@@CHARACTER_SET_RESULTS */;
/*!40101 SET @OLD_COLLATION_CONNECTION=@@COLLATION_CONNECTION */;
/*!40101 SET NAMES utf8mb4 */;

--
-- Database: `db_rmnusantara`
--

-- --------------------------------------------------------

--
-- Struktur dari tabel `ci_sessions`
--

CREATE TABLE `ci_sessions` (
  `id` varchar(128) NOT NULL,
  `ip_address` varchar(45) NOT NULL,
  `timestamp` int(10) UNSIGNED NOT NULL DEFAULT 0,
  `data` blob NOT NULL
) ENGINE=InnoDB DEFAULT CHARSET=utf8mb4;

--
-- Dumping data untuk tabel `ci_sessions`
--

INSERT INTO `ci_sessions` (`id`, `ip_address`, `timestamp`, `data`) VALUES
('jnhe2hgppcae5n1ff45nbjnkpqkq7ikc', '127.0.0.1', 1640243492, 0x5f5f63695f6c6173745f726567656e65726174657c693a313634303234333439323b7265646972656374696f6e7c4e3b5f5f4143544956455f53455353494f4e5f444154417c733a3235363a2262323733663639363334393463653065616534616230386662333439333163303331316433323136346530373331656261653564653433313332363235623865353331386361356437306266623133646639366639383537343864393663346161363639663635306237336233623833356166303737326432363737623031623148435156415a55675a4577414576654465614676326d42484463457371586e62466a44364d4a62414f5468687041725a67716b6158664e6356562f7a7543594e684c384977564e622f4273614e4550434d325264503162764941395758774f4f6153696a53714371376965655664755737484b64534b6b4c735644486a6152223b),
('ejolf3rd5r6q0c3ncquqd558donnk1v6', '127.0.0.1', 1640243785, 0x5f5f63695f6c6173745f726567656e65726174657c693a313634303234333439323b7265646972656374696f6e7c4e3b5f5f4143544956455f53455353494f4e5f444154417c733a3235363a2262323733663639363334393463653065616534616230386662333439333163303331316433323136346530373331656261653564653433313332363235623865353331386361356437306266623133646639366639383537343864393663346161363639663635306237336233623833356166303737326432363737623031623148435156415a55675a4577414576654465614676326d42484463457371586e62466a44364d4a62414f5468687041725a67716b6158664e6356562f7a7543594e684c384977564e622f4273614e4550434d325264503162764941395758774f4f6153696a53714371376965655664755737484b64534b6b4c735644486a6152223b),
('stnvj2rj0mcn0r7an5rnaedo6snorras', '127.0.0.1', 1640244707, 0x5f5f63695f6c6173745f726567656e65726174657c693a313634303234343730373b5f5f4143544956455f53455353494f4e5f444154417c733a3235363a226166663637666234663636646534323337623932373366323462363437383836636234643064356661366635313765643162356138623764643662633531333430393165376634306534356162613631393530626133643965616665303635393533313463613261623362386331633639666566613933353464633939643264684c50523953556a4a4a533751334c6c31375a746e783964396e774b6a6c474a6a2f5855717057704d764d3267695156557031647672724e7271424c78624871522f346445504a586d6e76776e747143595755597030633556344d4e6f65473850444563536c4d79346f2b4f7a78663337437377722b67394578316461586534223b),
('a38jrh8fgbk7rll3nbpopqcn2u5ikklf', '127.0.0.1', 1640248611, 0x5f5f63695f6c6173745f726567656e65726174657c693a313634303234383631313b5f5f4143544956455f53455353494f4e5f444154417c733a3235363a226166663637666234663636646534323337623932373366323462363437383836636234643064356661366635313765643162356138623764643662633531333430393165376634306534356162613631393530626133643965616665303635393533313463613261623362386331633639666566613933353464633939643264684c50523953556a4a4a533751334c6c31375a746e783964396e774b6a6c474a6a2f5855717057704d764d3267695156557031647672724e7271424c78624871522f346445504a586d6e76776e747143595755597030633556344d4e6f65473850444563536c4d79346f2b4f7a78663337437377722b67394578316461586534223b),
('rqdilalfo37fvluqgg294orshhgkff0k', '127.0.0.1', 1640248932, 0x5f5f63695f6c6173745f726567656e65726174657c693a313634303234383933323b5f5f4143544956455f53455353494f4e5f444154417c733a3235363a226166663637666234663636646534323337623932373366323462363437383836636234643064356661366635313765643162356138623764643662633531333430393165376634306534356162613631393530626133643965616665303635393533313463613261623362386331633639666566613933353464633939643264684c50523953556a4a4a533751334c6c31375a746e783964396e774b6a6c474a6a2f5855717057704d764d3267695156557031647672724e7271424c78624871522f346445504a586d6e76776e747143595755597030633556344d4e6f65473850444563536c4d79346f2b4f7a78663337437377722b67394578316461586534223b),
('jb5017rmg569mud9l0letviamkmpsl9p', '127.0.0.1', 1640249276, 0x5f5f63695f6c6173745f726567656e65726174657c693a313634303234393237363b5f5f4143544956455f53455353494f4e5f444154417c733a3235363a226166663637666234663636646534323337623932373366323462363437383836636234643064356661366635313765643162356138623764643662633531333430393165376634306534356162613631393530626133643965616665303635393533313463613261623362386331633639666566613933353464633939643264684c50523953556a4a4a533751334c6c31375a746e783964396e774b6a6c474a6a2f5855717057704d764d3267695156557031647672724e7271424c78624871522f346445504a586d6e76776e747143595755597030633556344d4e6f65473850444563536c4d79346f2b4f7a78663337437377722b67394578316461586534223b),
('vacr07t867i8hij0pletpts2lplkjmdn', '127.0.0.1', 1640249608, 0x5f5f63695f6c6173745f726567656e65726174657c693a313634303234393630383b7265646972656374696f6e7c4e3b5f5f4143544956455f53455353494f4e5f444154417c733a3235363a2239333162616537663862346130313735633437393138356261336362333432373362646233336236366139656433343439613432303936613565393034363033623734633261363935303733333666393438653637366566393964663932326163656465303063303036353665373139393763653432393331333635373438355551794776586d46724d49646a7536655a556e4e793351747a596677666b455045385a6255706c3141364c337a574c636f346562775762746d66437756364252687a682f57477a3336776e626d58367663392f48394e78747a376f55697268594179682f4e4a587a503645494f646f72586c373158444250764a6f365670714c223b),
('h1fh28fg1qapcf0hsr7tkb640il1cn7p', '127.0.0.1', 1640249932, 0x5f5f63695f6c6173745f726567656e65726174657c693a313634303234393933323b7265646972656374696f6e7c4e3b5f5f4143544956455f53455353494f4e5f444154417c733a3235363a2239333162616537663862346130313735633437393138356261336362333432373362646233336236366139656433343439613432303936613565393034363033623734633261363935303733333666393438653637366566393964663932326163656465303063303036353665373139393763653432393331333635373438355551794776586d46724d49646a7536655a556e4e793351747a596677666b455045385a6255706c3141364c337a574c636f346562775762746d66437756364252687a682f57477a3336776e626d58367663392f48394e78747a376f55697268594179682f4e4a587a503645494f646f72586c373158444250764a6f365670714c223b),
('re0icdd94enrjnlvs6iu42gij6cbp2f1', '127.0.0.1', 1640250699, 0x5f5f63695f6c6173745f726567656e65726174657c693a313634303235303639393b7265646972656374696f6e7c4e3b5f5f4143544956455f53455353494f4e5f444154417c733a3235363a2239333162616537663862346130313735633437393138356261336362333432373362646233336236366139656433343439613432303936613565393034363033623734633261363935303733333666393438653637366566393964663932326163656465303063303036353665373139393763653432393331333635373438355551794776586d46724d49646a7536655a556e4e793351747a596677666b455045385a6255706c3141364c337a574c636f346562775762746d66437756364252687a682f57477a3336776e626d58367663392f48394e78747a376f55697268594179682f4e4a587a503645494f646f72586c373158444250764a6f365670714c223b),
('6lm40o7kevqivn2up92egose7a1dsl51', '127.0.0.1', 1640250895, 0x5f5f63695f6c6173745f726567656e65726174657c693a313634303235303639393b7265646972656374696f6e7c4e3b5f5f4143544956455f53455353494f4e5f444154417c733a3235363a2239333162616537663862346130313735633437393138356261336362333432373362646233336236366139656433343439613432303936613565393034363033623734633261363935303733333666393438653637366566393964663932326163656465303063303036353665373139393763653432393331333635373438355551794776586d46724d49646a7536655a556e4e793351747a596677666b455045385a6255706c3141364c337a574c636f346562775762746d66437756364252687a682f57477a3336776e626d58367663392f48394e78747a376f55697268594179682f4e4a587a503645494f646f72586c373158444250764a6f365670714c223b656d61696c5f73656e747c733a32393a22596f75206861766520656e636f756e746572656420616e206572726f72223b5f5f63695f766172737c613a313a7b733a31303a22656d61696c5f73656e74223b733a333a226f6c64223b7d),
('0iut1r5qsqh9diadt84e4eufjea86kfg', '127.0.0.1', 1640260396, 0x5f5f63695f6c6173745f726567656e65726174657c693a313634303236303339363b7265646972656374696f6e7c4e3b5f5f4143544956455f53455353494f4e5f444154417c733a3235363a22303038613731666435643831363630386266333730376363323334333433343735633031313266396239343561623832623735316336373861396365386164633163353634616238356135313736303232613339383434393735356364356564346263663037353936623038366562333031373730383465646332306466396150614a4e4b6375554c567333486351784b36776e315768556a744f3769336e714871725a4f4349454637456e4e366b2f4f656169533856304c4d714b2f75706d64777769366153724b4e647169504f50676e5949674455507961545a4f476d397a324a6d796f667a583039434172597634484d396359674e4e49497741585768223b7265766965775f666c6173687c733a32363a2252657669657720626572686173696c2064696b6972696d6b616e223b5f5f63695f766172737c613a313a7b733a31323a227265766965775f666c617368223b733a333a226f6c64223b7d),
('5vfu6e1a1smiv7m9bk3msh8bou2kagu7', '127.0.0.1', 1640260710, 0x5f5f63695f6c6173745f726567656e65726174657c693a313634303236303731303b7265646972656374696f6e7c4e3b5f5f4143544956455f53455353494f4e5f444154417c733a3235363a22303038613731666435643831363630386266333730376363323334333433343735633031313266396239343561623832623735316336373861396365386164633163353634616238356135313736303232613339383434393735356364356564346263663037353936623038366562333031373730383465646332306466396150614a4e4b6375554c567333486351784b36776e315768556a744f3769336e714871725a4f4349454637456e4e366b2f4f656169533856304c4d714b2f75706d64777769366153724b4e647169504f50676e5949674455507961545a4f476d397a324a6d796f667a583039434172597634484d396359674e4e49497741585768223b6f726465725f666c6173687c733a32363a224f7264657220626572686173696c20646974616d6261686b616e223b5f5f63695f766172737c613a313a7b733a31313a226f726465725f666c617368223b733a333a226f6c64223b7d),
('ibfk277lbcno7b5h4msursm5alupl5rj', '127.0.0.1', 1640261233, 0x5f5f63695f6c6173745f726567656e65726174657c693a313634303236313233333b7265646972656374696f6e7c4e3b5f5f4143544956455f53455353494f4e5f444154417c733a3235363a22303038613731666435643831363630386266333730376363323334333433343735633031313266396239343561623832623735316336373861396365386164633163353634616238356135313736303232613339383434393735356364356564346263663037353936623038366562333031373730383465646332306466396150614a4e4b6375554c567333486351784b36776e315768556a744f3769336e714871725a4f4349454637456e4e366b2f4f656169533856304c4d714b2f75706d64777769366153724b4e647169504f50676e5949674455507961545a4f476d397a324a6d796f667a583039434172597634484d396359674e4e49497741585768223b),
('6eh3na8v7d7mtvd6d7qs4avejk3jiebv', '127.0.0.1', 1640261974, 0x5f5f63695f6c6173745f726567656e65726174657c693a313634303236313937343b7265646972656374696f6e7c4e3b),
('aoj4h8bpmldjhg4kqrgkh19kd9lgm46b', '127.0.0.1', 1640262498, 0x5f5f63695f6c6173745f726567656e65726174657c693a313634303236323439383b7265646972656374696f6e7c4e3b5f5f4143544956455f53455353494f4e5f444154417c733a3235363a226662373864333731656639306362346465656665666537656235363866303030613938396361383133353563326461626136383632393038356665373865613833616634616536303135643761623765306662373062356563623663363265383138316462363339616462396435316163663136356331316635356334643433697242474e4f68486c7a336d335133722b4744466876755a722f6e36583242724f766d5a36316a3170412f2f4e546b693863377050336f496e3767584b4d702b6573746a3462396c704a786a4f41667937472b615a775049614a30595570775a4a737771566d77737a47756b454638434a5637526b6f2f7a3479712b6a6f3064223b),
('5nuu2ukfgctlucnru70u58583sql1jg1', '127.0.0.1', 1640262976, 0x5f5f63695f6c6173745f726567656e65726174657c693a313634303236323937363b7265646972656374696f6e7c4e3b5f5f4143544956455f53455353494f4e5f444154417c733a3235363a226662373864333731656639306362346465656665666537656235363866303030613938396361383133353563326461626136383632393038356665373865613833616634616536303135643761623765306662373062356563623663363265383138316462363339616462396435316163663136356331316635356334643433697242474e4f68486c7a336d335133722b4744466876755a722f6e36583242724f766d5a36316a3170412f2f4e546b693863377050336f496e3767584b4d702b6573746a3462396c704a786a4f41667937472b615a775049614a30595570775a4a737771566d77737a47756b454638434a5637526b6f2f7a3479712b6a6f3064223b),
('q4f6f7khoq3j8b4k4umtjbchhpjar64v', '127.0.0.1', 1640263658, 0x5f5f63695f6c6173745f726567656e65726174657c693a313634303236333635383b7265646972656374696f6e7c4e3b5f5f4143544956455f53455353494f4e5f444154417c733a3235363a226662373864333731656639306362346465656665666537656235363866303030613938396361383133353563326461626136383632393038356665373865613833616634616536303135643761623765306662373062356563623663363265383138316462363339616462396435316163663136356331316635356334643433697242474e4f68486c7a336d335133722b4744466876755a722f6e36583242724f766d5a36316a3170412f2f4e546b693863377050336f496e3767584b4d702b6573746a3462396c704a786a4f41667937472b615a775049614a30595570775a4a737771566d77737a47756b454638434a5637526b6f2f7a3479712b6a6f3064223b),
('uaglbmh2jb6s3jukkml6tahalnikfnr6', '127.0.0.1', 1640264162, 0x5f5f63695f6c6173745f726567656e65726174657c693a313634303236343136323b7265646972656374696f6e7c4e3b5f5f4143544956455f53455353494f4e5f444154417c733a3235363a226662373864333731656639306362346465656665666537656235363866303030613938396361383133353563326461626136383632393038356665373865613833616634616536303135643761623765306662373062356563623663363265383138316462363339616462396435316163663136356331316635356334643433697242474e4f68486c7a336d335133722b4744466876755a722f6e36583242724f766d5a36316a3170412f2f4e546b693863377050336f496e3767584b4d702b6573746a3462396c704a786a4f41667937472b615a775049614a30595570775a4a737771566d77737a47756b454638434a5637526b6f2f7a3479712b6a6f3064223b),
('qe7mepe2saicmvmcuc4h79hc0a40p8tm', '127.0.0.1', 1640264858, 0x5f5f63695f6c6173745f726567656e65726174657c693a313634303236343835383b7265646972656374696f6e7c4e3b5f5f4143544956455f53455353494f4e5f444154417c733a3235363a226662373864333731656639306362346465656665666537656235363866303030613938396361383133353563326461626136383632393038356665373865613833616634616536303135643761623765306662373062356563623663363265383138316462363339616462396435316163663136356331316635356334643433697242474e4f68486c7a336d335133722b4744466876755a722f6e36583242724f766d5a36316a3170412f2f4e546b693863377050336f496e3767584b4d702b6573746a3462396c704a786a4f41667937472b615a775049614a30595570775a4a737771566d77737a47756b454638434a5637526b6f2f7a3479712b6a6f3064223b),
('iack30ptpepmdos5fdjp0ckvtqpitpue', '127.0.0.1', 1640265171, 0x5f5f63695f6c6173745f726567656e65726174657c693a313634303236353137313b7265646972656374696f6e7c4e3b5f5f4143544956455f53455353494f4e5f444154417c733a3235363a226662373864333731656639306362346465656665666537656235363866303030613938396361383133353563326461626136383632393038356665373865613833616634616536303135643761623765306662373062356563623663363265383138316462363339616462396435316163663136356331316635356334643433697242474e4f68486c7a336d335133722b4744466876755a722f6e36583242724f766d5a36316a3170412f2f4e546b693863377050336f496e3767584b4d702b6573746a3462396c704a786a4f41667937472b615a775049614a30595570775a4a737771566d77737a47756b454638434a5637526b6f2f7a3479712b6a6f3064223b),
('p9fgnqlm4bkjl347b3psoemv01bqmjho', '127.0.0.1', 1640265538, 0x5f5f63695f6c6173745f726567656e65726174657c693a313634303236353533383b7265646972656374696f6e7c4e3b5f5f4143544956455f53455353494f4e5f444154417c733a3235363a2265346461363161653863633862326161346338383562373432353563623034313262653435616338313031653039343631396633353532626331323164666630666666313838616661303039386161613164386639313465336262653231346665623930643364343435626265333339336665646364656636636463613462304d30382f632f7277496a684670536a6a6c66725277516d55434d425446544c572b536273334669355765677a4964534e6e45425a494959524d4d34566943734854774e4a763752447a2b32763569672b495a5047426864585459794f5a6533564f7134532b76792b716479322b6256646e49756c43646d78514149344233556d223b),
('p3pfiqllj7bmonj0jfta3qug8hnnppoh', '127.0.0.1', 1640265888, 0x5f5f63695f6c6173745f726567656e65726174657c693a313634303236353838383b7265646972656374696f6e7c4e3b5f5f4143544956455f53455353494f4e5f444154417c733a3235363a2265346461363161653863633862326161346338383562373432353563623034313262653435616338313031653039343631396633353532626331323164666630666666313838616661303039386161613164386639313465336262653231346665623930643364343435626265333339336665646364656636636463613462304d30382f632f7277496a684670536a6a6c66725277516d55434d425446544c572b536273334669355765677a4964534e6e45425a494959524d4d34566943734854774e4a763752447a2b32763569672b495a5047426864585459794f5a6533564f7134532b76792b716479322b6256646e49756c43646d78514149344233556d223b),
('phptg4mj0usmjca4n1qn21j1jdfpcn4v', '127.0.0.1', 1640266192, 0x5f5f63695f6c6173745f726567656e65726174657c693a313634303236363139323b7265646972656374696f6e7c4e3b6c6f67696e5f666c6173687c733a31363a22426572686173696c206c6f676f757421223b5f5f63695f766172737c613a313a7b733a31313a226c6f67696e5f666c617368223b733a333a226f6c64223b7d),
('k5rnsfn6i4itgikuijqfash4j3bbiaq6', '127.0.0.1', 1640266510, 0x5f5f63695f6c6173745f726567656e65726174657c693a313634303236363531303b7265646972656374696f6e7c4e3b5f5f4143544956455f53455353494f4e5f444154417c733a3235363a226632653532323239316463386532656365383832623436346533653436373466346566306234323338313637666530303062633531646231653838653565323035366433666563653264393230383463333137653739633264633161323832316432333434383835376462646133646238616635313539653761646163653635414a62366e36736644774f41366f73706239666c4d7250427433686b5459386551794f6c6539455a58664255435a4b4c576242353175624574704837646d6d30466e31693741485366717a62797a4b6b2f4736357451625a75346c6f2f624a68757a792f46615a765a2b686f457a503843332b74566238352f4a306e654f6143223b),
('6flmc8p0s2nruunjvrprpv9ci8ci7to9', '127.0.0.1', 1640267164, 0x5f5f63695f6c6173745f726567656e65726174657c693a313634303236373136343b7265646972656374696f6e7c4e3b5f5f4143544956455f53455353494f4e5f444154417c733a3235363a226632653532323239316463386532656365383832623436346533653436373466346566306234323338313637666530303062633531646231653838653565323035366433666563653264393230383463333137653739633264633161323832316432333434383835376462646133646238616635313539653761646163653635414a62366e36736644774f41366f73706239666c4d7250427433686b5459386551794f6c6539455a58664255435a4b4c576242353175624574704837646d6d30466e31693741485366717a62797a4b6b2f4736357451625a75346c6f2f624a68757a792f46615a765a2b686f457a503843332b74566238352f4a306e654f6143223b),
('l3182a4d0fenv30rf3cls1d668irg8nd', '127.0.0.1', 1640267488, 0x5f5f63695f6c6173745f726567656e65726174657c693a313634303236373438383b7265646972656374696f6e7c4e3b5f5f4143544956455f53455353494f4e5f444154417c733a3235363a226632653532323239316463386532656365383832623436346533653436373466346566306234323338313637666530303062633531646231653838653565323035366433666563653264393230383463333137653739633264633161323832316432333434383835376462646133646238616635313539653761646163653635414a62366e36736644774f41366f73706239666c4d7250427433686b5459386551794f6c6539455a58664255435a4b4c576242353175624574704837646d6d30466e31693741485366717a62797a4b6b2f4736357451625a75346c6f2f624a68757a792f46615a765a2b686f457a503843332b74566238352f4a306e654f6143223b),
('4a4drnrl2srfem0evoo2q5vvfptfkojq', '127.0.0.1', 1640268059, 0x5f5f63695f6c6173745f726567656e65726174657c693a313634303236383035393b7265646972656374696f6e7c4e3b5f5f4143544956455f53455353494f4e5f444154417c733a3235363a226632653532323239316463386532656365383832623436346533653436373466346566306234323338313637666530303062633531646231653838653565323035366433666563653264393230383463333137653739633264633161323832316432333434383835376462646133646238616635313539653761646163653635414a62366e36736644774f41366f73706239666c4d7250427433686b5459386551794f6c6539455a58664255435a4b4c576242353175624574704837646d6d30466e31693741485366717a62797a4b6b2f4736357451625a75346c6f2f624a68757a792f46615a765a2b686f457a503843332b74566238352f4a306e654f6143223b),
('22v0eh0rs9g3pg8p0hstec3mmgr6v5rj', '127.0.0.1', 1640268520, 0x5f5f63695f6c6173745f726567656e65726174657c693a313634303236383532303b7265646972656374696f6e7c4e3b5f5f4143544956455f53455353494f4e5f444154417c733a3235363a226632653532323239316463386532656365383832623436346533653436373466346566306234323338313637666530303062633531646231653838653565323035366433666563653264393230383463333137653739633264633161323832316432333434383835376462646133646238616635313539653761646163653635414a62366e36736644774f41366f73706239666c4d7250427433686b5459386551794f6c6539455a58664255435a4b4c576242353175624574704837646d6d30466e31693741485366717a62797a4b6b2f4736357451625a75346c6f2f624a68757a792f46615a765a2b686f457a503843332b74566238352f4a306e654f6143223b),
('qtl8gj93oqq4pgtaeh44hkc316eg2c00', '127.0.0.1', 1640268911, 0x5f5f63695f6c6173745f726567656e65726174657c693a313634303236383931313b7265646972656374696f6e7c4e3b5f5f4143544956455f53455353494f4e5f444154417c733a3235363a226632653532323239316463386532656365383832623436346533653436373466346566306234323338313637666530303062633531646231653838653565323035366433666563653264393230383463333137653739633264633161323832316432333434383835376462646133646238616635313539653761646163653635414a62366e36736644774f41366f73706239666c4d7250427433686b5459386551794f6c6539455a58664255435a4b4c576242353175624574704837646d6d30466e31693741485366717a62797a4b6b2f4736357451625a75346c6f2f624a68757a792f46615a765a2b686f457a503843332b74566238352f4a306e654f6143223b),
('v87ld8dcbvdgq6npgbl0pm5qq48k7k2b', '127.0.0.1', 1640269212, 0x5f5f63695f6c6173745f726567656e65726174657c693a313634303236393231323b7265646972656374696f6e7c4e3b5f5f4143544956455f53455353494f4e5f444154417c733a3235363a2261386630393636626230373361633333616262393261636564333466363330313466336237626333396366633839393964623332636238396136626337323531646635656532393563366430373134343130646138643566383337366163383932626466383735393866393134663137303162343737636664363063656535384b546e487165334e4f2f56516a317839576164426550396b76485a41757a45484a52417161663233653032586865726a375a512b553856595447717754574e4c5a4a636a7432522b7467634f39726c506c64566b6c744c756b414f664165746c7a7537745732556d477936343149636875355565486d62375569436171777a66223b),
('hcd2k9hf0ij853i9o5hs5m1dfaj1ca6o', '127.0.0.1', 1640269892, 0x5f5f63695f6c6173745f726567656e65726174657c693a313634303236393839323b7265646972656374696f6e7c4e3b5f5f4143544956455f53455353494f4e5f444154417c733a3235363a2265363935326534306563333461653861346564333866383033313261666565343461613063306264643032333732663738373036396137613663326637383066363331653336393634653663303235323330666539666236363438383736386537366334633931666634316161373561633163363865303536666461326561624a6e6c4b7a426e732f377138714245376d70585930632b306a4e52495644514955565a444a635652764c4547544c6c453758674538315045586c483472762f6e534f6d714836385a507035784f416a6a4e57567a6e2f4c7a5673316a566f517175585069375158706c486b682f32764238306568325a7977676e502b7a485664223b),
('449fphmlms6ds4h9br29ru0deoaqfar5', '127.0.0.1', 1640270237, 0x5f5f63695f6c6173745f726567656e65726174657c693a313634303237303233373b7265646972656374696f6e7c4e3b),
('d64alga6cqm5ncp80n2u7560bojeqgs4', '127.0.0.1', 1640270600, 0x5f5f63695f6c6173745f726567656e65726174657c693a313634303237303630303b7265646972656374696f6e7c4e3b),
('n2l99c2bi6ce60tul88niqj9gha2tg8a', '127.0.0.1', 1640271172, 0x5f5f63695f6c6173745f726567656e65726174657c693a313634303237313137323b7265646972656374696f6e7c733a38383a226148523063446f764c327876593246736147397a644339796253317564584e68626e5268636d45766157356b5a586775634768774c324e3163335276625756794c3342686557316c626e527a4c324e76626d5a70636d303d223b),
('1ld3eclsjrc54a3vn5t77lih7t5qli0q', '127.0.0.1', 1640271533, 0x5f5f63695f6c6173745f726567656e65726174657c693a313634303237313533333b7265646972656374696f6e7c4e3b5f5f4143544956455f53455353494f4e5f444154417c733a3235363a22303264663430623730396462356163663934663965396339643665316230653563356364646664643637343838393732666465633266633639333036656331613934313235313730613238356230313566383739393330396535386665363265336138343032663865613230366136366639613432386532626461396364326651374e587770652f42624f727533646f6e75484f67443066503452494652423550707a32795236676a31464162714f616c573148427662395644444d3075335a53732f4462576a6a7642354a38464152322b626c70566f56336e2f2f335a6d6441646b5279634b35503662434957623458766644383651786e4968336e654152223b),
('ghv035a1qlet6k98f80lk3boosr4qmc4', '127.0.0.1', 1640271858, 0x5f5f63695f6c6173745f726567656e65726174657c693a313634303237313835383b7265646972656374696f6e7c4e3b5f5f4143544956455f53455353494f4e5f444154417c733a3235363a22303264663430623730396462356163663934663965396339643665316230653563356364646664643637343838393732666465633266633639333036656331613934313235313730613238356230313566383739393330396535386665363265336138343032663865613230366136366639613432386532626461396364326651374e587770652f42624f727533646f6e75484f67443066503452494652423550707a32795236676a31464162714f616c573148427662395644444d3075335a53732f4462576a6a7642354a38464152322b626c70566f56336e2f2f335a6d6441646b5279634b35503662434957623458766644383651786e4968336e654152223b73657474696e67735f666c6173687c733a33303a2250656e6761747572616e20626572686173696c2064697065726261727569223b5f5f63695f766172737c613a313a7b733a31343a2273657474696e67735f666c617368223b733a333a226f6c64223b7d),
('d0dk4auhnr88viub96v8f611uken4l3p', '127.0.0.1', 1640272219, 0x5f5f63695f6c6173745f726567656e65726174657c693a313634303237323231393b7265646972656374696f6e7c733a38383a226148523063446f764c327876593246736147397a644339796253317564584e68626e5268636d45766157356b5a586775634768774c324e3163335276625756794c3342686557316c626e527a4c324e76626d5a70636d303d223b5f5f4143544956455f53455353494f4e5f444154417c733a3235363a22303264663430623730396462356163663934663965396339643665316230653563356364646664643637343838393732666465633266633639333036656331613934313235313730613238356230313566383739393330396535386665363265336138343032663865613230366136366639613432386532626461396364326651374e587770652f42624f727533646f6e75484f67443066503452494652423550707a32795236676a31464162714f616c573148427662395644444d3075335a53732f4462576a6a7642354a38464152322b626c70566f56336e2f2f335a6d6441646b5279634b35503662434957623458766644383651786e4968336e654152223b),
('sb0in0403vaefilk2774fkuajnehdcq3', '127.0.0.1', 1640272537, 0x5f5f63695f6c6173745f726567656e65726174657c693a313634303237323533373b7265646972656374696f6e7c4e3b5f5f4143544956455f53455353494f4e5f444154417c733a3235363a2261656266393733336434353838333136643534373361623564646634353637663465613765653631323030373862613965633836313934383035666639613730663932366362656164343761633338666465656236643130333138653064346538316534336236386366336239376234616336626139636238343439383564647444465858497830347a696f6c583238704c696263477a45447944526e57475a5736676f716a6831492f36736169595172317237446d2b46524877323338325a475747387069364d386957644456723750714e343939386a6c6577514b47746e72524e4e302b56684e334b6f6f5772612b4e5669386c6e3879566b3469723767223b636172745f636f6e74656e74737c613a333a7b733a31303a22636172745f746f74616c223b643a31333030303b733a31313a22746f74616c5f6974656d73223b643a313b733a33323a226334636134323338613062393233383230646363353039613666373538343962223b613a363a7b733a323a226964223b733a313a2231223b733a333a22717479223b643a313b733a353a227072696365223b643a31333030303b733a343a226e616d65223b733a31303a224179616d2047756c6169223b733a353a22726f776964223b733a33323a226334636134323338613062393233383230646363353039613666373538343962223b733a383a22737562746f74616c223b643a31333030303b7d7d),
('jlibifgk6tb1hpmbqavpe5fev5orl7r0', '127.0.0.1', 1640272861, 0x5f5f63695f6c6173745f726567656e65726174657c693a313634303237323836313b7265646972656374696f6e7c4e3b5f5f4143544956455f53455353494f4e5f444154417c733a3235363a2265653864666335626539636339663436633537613136663639376132643834396433343530393764346134656233396430383435643562656638393932333233333838653762363037333362656563666463636464666537333537376133653934396334383065393932623165326231316331633562616564363138336230306b6e51486a512f32514c5a793969756271424e7273737931722b4b525462684a37377a56325762766737347252357932664948514e38444550576a575337706d687a753874765775676465464a5a506a634946363762495a4c665665786f7a2b4e522b3755467a6b456c2b3975774232595030484546435348643934796b5762223b),
('kfkv6ih176bihrjrb0hq3do7quirit7q', '127.0.0.1', 1640273163, 0x5f5f63695f6c6173745f726567656e65726174657c693a313634303237333136333b7265646972656374696f6e7c4e3b5f5f4143544956455f53455353494f4e5f444154417c733a3235363a2265646638333332376138633465623564653339626566326439343663323633613262633266353662393063336532363439653666346233383837353964373331383532656639636533373235306363333066323335386136343938323834363366653936366131313135353462626265363830616538626666366466623130664f464e3049674a396a44694a583937536b38366a4c4b306c596e6a7a4a334e346d34654235556b672b2f5062424d6157514776397959657856673738324e6534475034454c6253597554444c4f6349585551534434687665696342656f4f4642583936544f7174724951396d694347554d37646b42457546364a424b78364430223b),
('9vir4a856hkk6jebc82gjr8scu5ghc1p', '127.0.0.1', 1640273016, 0x5f5f63695f6c6173745f726567656e65726174657c693a313634303237333031363b7265646972656374696f6e7c4e3b),
('otheplgdnegcqu02ijlaphrorm811nq5', '127.0.0.1', 1640273382, 0x5f5f63695f6c6173745f726567656e65726174657c693a313634303237333136333b7265646972656374696f6e7c4e3b5f5f4143544956455f53455353494f4e5f444154417c733a3235363a2265646638333332376138633465623564653339626566326439343663323633613262633266353662393063336532363439653666346233383837353964373331383532656639636533373235306363333066323335386136343938323834363366653936366131313135353462626265363830616538626666366466623130664f464e3049674a396a44694a583937536b38366a4c4b306c596e6a7a4a334e346d34654235556b672b2f5062424d6157514776397959657856673738324e6534475034454c6253597554444c4f6349585551534434687665696342656f4f4642583936544f7174724951396d694347554d37646b42457546364a424b78364430223b),
('7p6nr2g6rh1e3m0cr6iql6gb1jaaflbn', '127.0.0.1', 1640315332, 0x5f5f63695f6c6173745f726567656e65726174657c693a313634303331353333323b7265646972656374696f6e7c4e3b),
('h540e1mi4mki62fmlpop3c8pk29erdhv', '127.0.0.1', 1640315679, 0x5f5f63695f6c6173745f726567656e65726174657c693a313634303331353637393b7265646972656374696f6e7c4e3b5f5f4143544956455f53455353494f4e5f444154417c733a3235363a223861646537646239363438356132366130336166386338643439333833363932636630356563653864633566323866646162623435663966383464636632656431326365616364383734643065626331336235306231636339383064306334356331323235393365353766326134623762646138616331303938323063323135675676325350424c4179377475586e6773475862583633564472666c657765396c67757972744c724d78504d5178494c385545612b326f4a786b6e36704b566e6c304c4f504159794e416279484d477755475a77422b5a6334582f5a41356e504e66756b3679452f3650695363735341697a6a3830624b416550367564384236223b),
('nab48rk93u9mk0l7rbtir5e3miubgh77', '127.0.0.1', 1640316013, 0x5f5f63695f6c6173745f726567656e65726174657c693a313634303331363031333b7265646972656374696f6e7c4e3b5f5f4143544956455f53455353494f4e5f444154417c733a3235363a223861646537646239363438356132366130336166386338643439333833363932636630356563653864633566323866646162623435663966383464636632656431326365616364383734643065626331336235306231636339383064306334356331323235393365353766326134623762646138616331303938323063323135675676325350424c4179377475586e6773475862583633564472666c657765396c67757972744c724d78504d5178494c385545612b326f4a786b6e36704b566e6c304c4f504159794e416279484d477755475a77422b5a6334582f5a41356e504e66756b3679452f3650695363735341697a6a3830624b416550367564384236223b70726f66696c657c733a32373a2250726f66696c20626572686173696c206469706572626172756921223b5f5f63695f766172737c613a313a7b733a373a2270726f66696c65223b733a333a226f6c64223b7d),
('h18sl93lhcakgdokaea0t7nkf7qpo566', '127.0.0.1', 1640316630, 0x5f5f63695f6c6173745f726567656e65726174657c693a313634303331363633303b7265646972656374696f6e7c4e3b5f5f4143544956455f53455353494f4e5f444154417c733a3235363a223262346336383839323635323635316334386662356335373762303964636162306136656166393635383766363737663863303762326433653337666138336662616536396363336237323463666362313831653061326265333532636433356365636562623164663761346664373065306630386263386231353136663538714871672f7079694f4a59454c5754455766636336757a59596d2f70614d6c74673956454e4e386168776630374c546d67324a6775686131724f5062526e3651616f5a4e7171786b4250326b564c796c4a327275665a38455468366f4a30645a43476b655a566f6b4350314147646e6d66414968454251462b6d674938496652223b70726f66696c657c733a32373a2250726f66696c20626572686173696c206469706572626172756921223b5f5f63695f766172737c613a313a7b733a373a2270726f66696c65223b733a333a226f6c64223b7d),
('f32dc5m3l0bqila8fuovh0ccj74g0qgu', '127.0.0.1', 1640317138, 0x5f5f63695f6c6173745f726567656e65726174657c693a313634303331373133383b7265646972656374696f6e7c4e3b5f5f4143544956455f53455353494f4e5f444154417c733a3235363a223262346336383839323635323635316334386662356335373762303964636162306136656166393635383766363737663863303762326433653337666138336662616536396363336237323463666362313831653061326265333532636433356365636562623164663761346664373065306630386263386231353136663538714871672f7079694f4a59454c5754455766636336757a59596d2f70614d6c74673956454e4e386168776630374c546d67324a6775686131724f5062526e3651616f5a4e7171786b4250326b564c796c4a327275665a38455468366f4a30645a43476b655a566f6b4350314147646e6d66414968454251462b6d674938496652223b),
('gtgv8mf741c33cu4jl855pig3qknc8es', '127.0.0.1', 1640317451, 0x5f5f63695f6c6173745f726567656e65726174657c693a313634303331373435313b7265646972656374696f6e7c4e3b5f5f4143544956455f53455353494f4e5f444154417c733a3235363a223262346336383839323635323635316334386662356335373762303964636162306136656166393635383766363737663863303762326433653337666138336662616536396363336237323463666362313831653061326265333532636433356365636562623164663761346664373065306630386263386231353136663538714871672f7079694f4a59454c5754455766636336757a59596d2f70614d6c74673956454e4e386168776630374c546d67324a6775686131724f5062526e3651616f5a4e7171786b4250326b564c796c4a327275665a38455468366f4a30645a43476b655a566f6b4350314147646e6d66414968454251462b6d674938496652223b),
('5an96dbhjs2tqnti4u3prnj5d5bsr8eo', '127.0.0.1', 1640317805, 0x5f5f63695f6c6173745f726567656e65726174657c693a313634303331373830353b7265646972656374696f6e7c4e3b),
('jf2hqb324238qk3cvp7su3kb6c1p4lu8', '127.0.0.1', 1640318173, 0x5f5f63695f6c6173745f726567656e65726174657c693a313634303331383137333b7265646972656374696f6e7c4e3b),
('mfq8ec70t2m9cve19govv13179agnf1k', '127.0.0.1', 1640318173, 0x5f5f63695f6c6173745f726567656e65726174657c693a313634303331383137333b7265646972656374696f6e7c4e3b),
('vei8d6fbnnsdrp1npt6mvmuosr86qrdl', '::1', 1640318283, 0x5f5f63695f6c6173745f726567656e65726174657c693a313634303331383138343b5f5f4143544956455f53455353494f4e5f444154417c733a3235363a2235366432656337643837376231316365613437386238616437623065363931303633346262363065653430646132623138323630653130663564666164326135346465613638313237633133353164333131323339393163366234386666666537306239666139346632346635613033373034386162623037376363353864396a53797872444b6d36744f71424e66506c7a736d354a726b3848685a4c674f485073743472544f6f555a306b632f6c7372744d306d663948682f55752b2f444c327662546231323876376832643155763157316147696f7765535577576a726f706232314e386a7762564e4d343242652f646a3472787a5a61434f5337447a54223b);

-- --------------------------------------------------------

--
-- Struktur dari tabel `contacts`
--

CREATE TABLE `contacts` (
  `id` int(10) NOT NULL,
  `parent_id` int(10) DEFAULT NULL,
  `name` varchar(32) NOT NULL,
  `subject` varchar(128) DEFAULT NULL,
  `no_hp` varchar(64) NOT NULL,
  `message` mediumtext NOT NULL,
  `contact_date` datetime DEFAULT NULL,
  `status` tinyint(1) DEFAULT 1,
  `reply_at` datetime DEFAULT NULL
) ENGINE=InnoDB DEFAULT CHARSET=utf8mb4;

-- --------------------------------------------------------

--
-- Struktur dari tabel `coupons`
--

CREATE TABLE `coupons` (
  `id` bigint(20) NOT NULL,
  `name` varchar(191) NOT NULL,
  `code` varchar(32) NOT NULL,
  `credit` decimal(8,2) NOT NULL,
  `start_date` date NOT NULL,
  `expired_date` date NOT NULL,
  `is_active` tinyint(4) DEFAULT 1
) ENGINE=InnoDB DEFAULT CHARSET=utf8mb4;

--
-- Dumping data untuk tabel `coupons`
--

INSERT INTO `coupons` (`id`, `name`, `code`, `credit`, `start_date`, `expired_date`, `is_active`) VALUES
(5, 'Happy New Years', 'Welcome2022', '15000.00', '2022-01-01', '2022-01-01', 1),
(7, 'desember ceria', 'dsmbr12', '10000.00', '2020-12-23', '2021-12-24', 1);

-- --------------------------------------------------------

--
-- Struktur dari tabel `customers`
--

CREATE TABLE `customers` (
  `id` bigint(20) NOT NULL,
  `user_id` bigint(20) UNSIGNED DEFAULT NULL,
  `name` varchar(191) NOT NULL,
  `phone_number` varchar(32) DEFAULT NULL,
  `address` varchar(191) NOT NULL,
  `profile_picture` varchar(191) DEFAULT NULL
) ENGINE=InnoDB DEFAULT CHARSET=utf8mb4;

--
-- Dumping data untuk tabel `customers`
--

INSERT INTO `customers` (`id`, `user_id`, `name`, `phone_number`, `address`, `profile_picture`) VALUES
(8, 9, 'Rifqi Naufal', '089627905164', 'jalan pariwisata', '2220_Converted-011.png'),
(13, 17, 'Rifqi Naufal', '089627905165', 'jln pariwisata', 'Untitled-1.jpg');

-- --------------------------------------------------------

--
-- Struktur dari tabel `orders`
--

CREATE TABLE `orders` (
  `id` bigint(20) NOT NULL,
  `user_id` bigint(20) UNSIGNED DEFAULT NULL,
  `coupon_id` bigint(20) DEFAULT NULL,
  `order_number` varchar(16) NOT NULL,
  `order_status` enum('1','2','3','4','5') DEFAULT '1',
  `order_date` datetime NOT NULL,
  `total_price` decimal(8,2) DEFAULT NULL,
  `total_items` int(10) DEFAULT NULL,
  `payment_method` int(11) DEFAULT 1,
  `delivery_data` text DEFAULT NULL,
  `delivered_date` datetime DEFAULT NULL,
  `finish_date` datetime DEFAULT NULL
) ENGINE=InnoDB DEFAULT CHARSET=utf8mb4;

--
-- Dumping data untuk tabel `orders`
--

INSERT INTO `orders` (`id`, `user_id`, `coupon_id`, `order_number`, `order_status`, `order_date`, `total_price`, `total_items`, `payment_method`, `delivery_data`, `delivered_date`, `finish_date`) VALUES
(17, 9, NULL, 'HTX23122119106', '4', '2021-12-23 16:16:04', '23000.00', 1, 1, '{\"customer\":{\"name\":\"Rifqi Naufal\",\"phone_number\":\"089627905164\",\"address\":\"jalan pariwisata\"},\"note\":\"Pisahkan Kuah dan ayamnya\"}', NULL, NULL),
(18, 9, NULL, 'CNU23122119785', '4', '2021-12-23 16:25:21', '170000.00', 1, 1, '{\"customer\":{\"name\":\"Rifqi Naufal\",\"phone_number\":\"089627905164\",\"address\":\"jalan pariwisata\"},\"note\":\"\"}', NULL, NULL);

-- --------------------------------------------------------

--
-- Struktur dari tabel `order_items`
--

CREATE TABLE `order_items` (
  `id` bigint(20) NOT NULL,
  `order_id` bigint(20) DEFAULT NULL,
  `product_id` bigint(20) DEFAULT NULL,
  `order_qty` int(10) NOT NULL,
  `order_price` decimal(8,2) DEFAULT NULL
) ENGINE=InnoDB DEFAULT CHARSET=utf8mb4;

--
-- Dumping data untuk tabel `order_items`
--

INSERT INTO `order_items` (`id`, `order_id`, `product_id`, `order_qty`, `order_price`) VALUES
(13, 9, 9, 1, '35000.00'),
(14, 9, 10, 1, '12000.00'),
(15, 9, 11, 1, '15000.00'),
(16, 10, 1, 2, '65000.00'),
(17, 10, 10, 1, '12000.00'),
(18, 11, 1, 2, '65000.00'),
(19, 12, 2, 1, '31000.00'),
(20, 13, 4, 2, '10000.00'),
(21, 14, 4, 1, '10000.00'),
(22, 15, 2, 1, '17000.00'),
(23, 16, 2, 1, '17000.00'),
(24, 17, 1, 1, '13000.00'),
(25, 18, 2, 10, '17000.00');

-- --------------------------------------------------------

--
-- Struktur dari tabel `payments`
--

CREATE TABLE `payments` (
  `id` bigint(20) NOT NULL,
  `order_id` bigint(20) DEFAULT NULL,
  `payment_price` decimal(8,2) DEFAULT NULL,
  `payment_date` datetime NOT NULL,
  `picture_name` varchar(191) DEFAULT NULL,
  `payment_status` enum('1','2','3') DEFAULT '1',
  `confirmed_date` datetime DEFAULT NULL,
  `payment_data` text DEFAULT NULL
) ENGINE=InnoDB DEFAULT CHARSET=utf8mb4;

--
-- Dumping data untuk tabel `payments`
--

INSERT INTO `payments` (`id`, `order_id`, `payment_price`, `payment_date`, `picture_name`, `payment_status`, `confirmed_date`, `payment_data`) VALUES
(7, 17, '23000.00', '2021-12-23 16:18:14', 'IMG_20210415_092425.jpg', '2', NULL, '{\"transfer_to\":\"bank-bri\",\"source\":{\"bank\":\"BNI\",\"name\":\"Desi\",\"number\":\"0863011318\"}}');

-- --------------------------------------------------------

--
-- Struktur dari tabel `products`
--

CREATE TABLE `products` (
  `id` bigint(20) NOT NULL,
  `category_id` int(10) DEFAULT NULL,
  `sku` varchar(32) DEFAULT NULL,
  `name` varchar(191) NOT NULL,
  `description` varchar(191) DEFAULT NULL,
  `picture_name` varchar(191) DEFAULT NULL,
  `price` decimal(8,2) NOT NULL,
  `current_discount` decimal(8,2) DEFAULT 0.00,
  `stock` int(10) NOT NULL,
  `product_unit` varchar(32) DEFAULT NULL,
  `is_available` tinyint(1) DEFAULT 1,
  `add_date` datetime DEFAULT NULL
) ENGINE=InnoDB DEFAULT CHARSET=utf8mb4;

--
-- Dumping data untuk tabel `products`
--

INSERT INTO `products` (`id`, `category_id`, `sku`, `name`, `description`, `picture_name`, `price`, `current_discount`, `stock`, `product_unit`, `is_available`, `add_date`) VALUES
(1, 1, 'SB750372', 'Ayam Gulai', NULL, 'ayam_gulai.jpg', '15000.00', '2000.00', 20, 'potong', 1, '2020-03-26 15:02:52'),
(2, 1, 'BS350420', 'Ikan Bakar', NULL, 'ikan_bakar1.jpg', '20000.00', '3000.00', 15, 'ekor', 1, '2020-03-26 15:03:40'),
(4, 1, 'TS120790', 'ikan gulai', NULL, 'ikan_gulai1.jpg', '17000.00', '0.00', 13, 'potong', 1, '2020-03-26 19:36:30'),
(5, 1, 'WS120811', 'Rendang', NULL, 'rendang1.jpg', '20000.00', '0.00', 20, 'potong', 1, '2020-03-26 19:36:51'),
(8, 1, 'PS220885', 'Sambal Hijau', NULL, 'sambal_hijau1.jpg', '5000.00', '0.00', 50, 'porsi', 1, '2020-03-26 19:38:05'),
(9, 1, 'AB450163', 'Sambal Merah', NULL, 'sambal_merah1.jpg', '4000.00', '500.00', 35, 'porsi', 1, '2020-03-26 19:42:43'),
(10, 1, 'BMS120283', 'Ayam Goreng', NULL, 'ayam_goreng1.jpg', '15000.00', '0.00', 15, 'potong', 1, '2020-03-26 19:44:42'),
(11, 1, 'URS13301', 'Dendeng Batokok', NULL, 'dendeng_bakotok.jpeg', '18000.00', '0.00', 17, 'potong', 1, '2020-03-26 19:45:01'),
(12, 1, 'BPS15347', 'nasi putih', NULL, 'nasi_putih1.jpg', '5000.00', '0.00', 60, 'porsi', 1, '2020-03-26 19:45:47'),
(13, 1, 'KPS223370', 'Kepala Ikan', NULL, 'kepala_ikan1.jpg', '60000.00', '0.00', 7, 'kepala', 1, '2020-03-26 19:46:10'),
(14, 1, 'CMS410424', 'Keripik Balado', NULL, 'keripik_balado1.jpg', '5000.00', '500.00', 20, 'porsi', 1, '2020-03-26 19:47:04'),
(16, 1, 'OTKPM425056', 'Orek tempe kacang panjang', NULL, 'kacang_panjang_orek_tempe2.jpg', '4000.00', '0.00', 25, 'porsi', 1, '2021-10-07 12:54:16'),
(17, 1, 'STTPDTM519165', 'Sambal tempe, telor puyu, dan tahu', NULL, 'sambal_tempe,_telor_dan_tahu.jpg', '5000.00', '0.00', 19, 'porsi', 1, '2021-10-07 12:56:05'),
(18, 1, 'KPM224196', 'kacang panjang', NULL, 'kacang_panjang1.jpg', '20000.00', '0.00', 24, 'porsi', 1, '2021-10-07 12:56:36'),
(19, 1, 'PU220219', 'pucuk ubi', NULL, 'pucuk_ubi1.jpg', '2000.00', '0.00', 20, 'porsi', 1, '2021-10-07 12:56:59'),
(20, 2, 'ETMM525278', 'Es Teh manis', NULL, 'es_teh.jpg', '5000.00', '0.00', 25, 'gelas', 1, '2021-10-07 12:57:58'),
(21, 2, 'THM520304', 'Teh hangat', NULL, 'teh_hangat1.jpg', '5000.00', '0.00', 20, 'gelas', 1, '2021-10-07 12:58:24'),
(22, 2, 'KHM515331', 'kopi hitam', NULL, 'kopi1.jpg', '5000.00', '0.00', 15, 'porsi', 1, '2021-10-07 12:58:51'),
(23, 2, 'KSM69356', 'kopi susu', NULL, 'kopi_susu1.jpg', '6000.00', '0.00', 9, 'gelas', 1, '2021-10-07 12:59:16'),
(24, 2, 'TT517376', 'Teh tarik', NULL, 'teh_susu1.jpg', '5000.00', '0.00', 17, 'gelas', 1, '2021-10-07 12:59:36'),
(25, 2, 'TTM125399', 'Teh taluah', NULL, 'teh_telur1.jpg', '10000.00', '0.00', 25, 'gelas', 1, '2021-10-07 12:59:59'),
(26, 1, 'IMA210593', 'ikan masak asam', NULL, 'ikan_masak_asam1.jpg', '23000.00', '0.00', 10, 'potong', 1, '2021-10-07 13:03:13'),
(27, 1, 'LTM230102', 'lontong tunjang', NULL, 'lontong_tunjang1.jpg', '20000.00', '0.00', 30, 'porsi', 1, '2021-10-07 13:11:42'),
(28, 1, 'LSM120128', 'lontong sayur', NULL, 'lontong_sayur1.jpg', '10000.00', '0.00', 20, 'porsi', 1, '2021-10-07 13:12:08'),
(29, 1, 'LT114148', 'lontong telur', NULL, 'lonton_telur.jpg', '15000.00', '0.00', 14, 'porsi', 1, '2021-10-07 13:12:28'),
(30, 1, 'SLM150236', 'Sala lauk', NULL, 'sala_lauk1.jpg', '1000.00', '0.00', 50, 'pcs', 1, '2021-10-07 13:13:56'),
(31, 1, 'MS120258', 'martabak sanghai', NULL, 'martabak_sanghai1.jpg', '1500.00', '0.00', 20, 'pcs', 1, '2021-10-07 13:14:18'),
(32, 1, 'JP125306', 'jajanan pasar', NULL, 'jajanan_pasar1.jpg', '1500.00', '0.00', 25, 'pcs', 1, '2021-10-07 13:15:06');

-- --------------------------------------------------------

--
-- Struktur dari tabel `product_category`
--

CREATE TABLE `product_category` (
  `id` int(10) NOT NULL,
  `name` varchar(191) NOT NULL
) ENGINE=InnoDB DEFAULT CHARSET=utf8mb4;

--
-- Dumping data untuk tabel `product_category`
--

INSERT INTO `product_category` (`id`, `name`) VALUES
(1, 'Makanan'),
(2, 'Minuman');

-- --------------------------------------------------------

--
-- Struktur dari tabel `reviews`
--

CREATE TABLE `reviews` (
  `id` bigint(20) NOT NULL,
  `user_id` bigint(20) UNSIGNED DEFAULT NULL,
  `order_id` bigint(20) DEFAULT NULL,
  `title` varchar(191) DEFAULT NULL,
  `review_text` mediumtext NOT NULL,
  `review_date` datetime NOT NULL,
  `status` tinyint(1) NOT NULL DEFAULT 1
) ENGINE=InnoDB DEFAULT CHARSET=utf8mb4;

--
-- Dumping data untuk tabel `reviews`
--

INSERT INTO `reviews` (`id`, `user_id`, `order_id`, `title`, `review_text`, `review_date`, `status`) VALUES
(7, 9, 17, 'Rasanya Nikmat', 'Pengiriman cepat, dan tentunya rasanya bikin ketagihan', '2021-12-23 16:23:44', 1);

-- --------------------------------------------------------

--
-- Struktur dari tabel `settings`
--

CREATE TABLE `settings` (
  `id` int(10) NOT NULL,
  `key` varchar(32) NOT NULL,
  `content` text NOT NULL
) ENGINE=InnoDB DEFAULT CHARSET=utf8mb4;

--
-- Dumping data untuk tabel `settings`
--

INSERT INTO `settings` (`id`, `key`, `content`) VALUES
(1, 'current_theme_name', 'vegefoods'),
(2, 'store_name', 'RM Nusantara'),
(3, 'store_phone_number', '(0736) 20254'),
(4, 'store_email', 'rmnusantara1971@gmail.com'),
(5, 'store_tagline', 'Berdiri Sejak Tahun 1971'),
(6, 'store_logo', 'logo1.png'),
(7, 'max_product_image_size', '20000'),
(8, 'store_description', 'Rumah Makan Nusantara merupakan salah satu rumah makan padang yang ada di Bengkulu dan berdiri sejak Tahun 1971. Kami menyediakan berbagai olahan gulai khas padang dan juga jajanan tradisional. Dengan website E-commerce ini kalian dapat belanja lauk tanpa harus keluar rumah.'),
(9, 'store_address', 'JL. Barlian, No. 106, Kampung Cina, Malabero, Kec. Tlk. Segara, Kota Bengkulu, Bengkulu'),
(10, 'min_shop_to_free_shipping_cost', '50000'),
(11, 'shipping_cost', '10000'),
(12, 'payment_banks', '{\"bank-bri\":{\"bank\":\"Bank BRI\",\"number\":\"3283 01 027465 53 1\",\"name\":\"Erdiman\"},\"bank-bni\":{\"bank\":\"Bank BNI\",\"number\":\"0861232862\",\"name\":\"Rifqi Naufal\"},\"dana\":{\"bank\":\"Dana\",\"number\":\"089627905164\",\"name\":\"Rifqi Naufal\"}}');

-- --------------------------------------------------------

--
-- Struktur dari tabel `users`
--

CREATE TABLE `users` (
  `id` bigint(20) UNSIGNED NOT NULL,
  `name` varchar(50) COLLATE utf8mb4_unicode_ci DEFAULT NULL,
  `email` varchar(191) COLLATE utf8mb4_unicode_ci NOT NULL,
  `email_verified_at` timestamp NULL DEFAULT NULL,
  `username` varchar(16) COLLATE utf8mb4_unicode_ci NOT NULL,
  `password` varchar(191) COLLATE utf8mb4_unicode_ci NOT NULL,
  `profile_picture` varchar(128) COLLATE utf8mb4_unicode_ci DEFAULT NULL,
  `role` varchar(32) COLLATE utf8mb4_unicode_ci DEFAULT '0' COMMENT '1 = admin, 2 = customer',
  `register_date` datetime DEFAULT NULL
) ENGINE=InnoDB DEFAULT CHARSET=utf8mb4 COLLATE=utf8mb4_unicode_ci;

--
-- Dumping data untuk tabel `users`
--

INSERT INTO `users` (`id`, `name`, `email`, `email_verified_at`, `username`, `password`, `profile_picture`, `role`, `register_date`) VALUES
(1, 'Admin Rm Nusantara', 'rmnusantara1971@gmail.com', NULL, 'admin', '$2y$10$Brm3RNWFKvZ1e0ej1vBz9.QbFMW21q0l/iDSt5aDOoGj9zlLFuxh6', '2220_Converted-01.png', 'admin', NULL),
(9, NULL, 'r.naufal2911@gmail.com', NULL, 'rnaufal52', '$2y$10$6H5QO32Pn3MsucUWJBAWLe3tW9uFD.TXGxcHgKwio0sj/l/7du6Rq', NULL, 'customer', '2021-10-06 07:59:06'),
(17, NULL, 'r.naufal2911@yahoo.com', NULL, 'rnaufal.01', '$2y$10$b1kerSZMaXSAo1PjURDSLejAsnO6sza/ksKwGDJDfH1GifGi7VKI6', NULL, 'customer', '2021-12-24 04:57:39');

--
-- Indexes for dumped tables
--

--
-- Indeks untuk tabel `ci_sessions`
--
ALTER TABLE `ci_sessions`
  ADD KEY `ci_sessions_timestamp` (`timestamp`);

--
-- Indeks untuk tabel `contacts`
--
ALTER TABLE `contacts`
  ADD PRIMARY KEY (`id`),
  ADD KEY `FK_contacts_contacts` (`parent_id`);

--
-- Indeks untuk tabel `coupons`
--
ALTER TABLE `coupons`
  ADD PRIMARY KEY (`id`);

--
-- Indeks untuk tabel `customers`
--
ALTER TABLE `customers`
  ADD PRIMARY KEY (`id`),
  ADD KEY `FK_customers_users` (`user_id`);

--
-- Indeks untuk tabel `orders`
--
ALTER TABLE `orders`
  ADD PRIMARY KEY (`id`),
  ADD KEY `FK_orders_users` (`user_id`),
  ADD KEY `FK_orders_coupons` (`coupon_id`);

--
-- Indeks untuk tabel `order_items`
--
ALTER TABLE `order_items`
  ADD PRIMARY KEY (`id`),
  ADD KEY `order_id` (`order_id`),
  ADD KEY `product_id` (`product_id`);

--
-- Indeks untuk tabel `payments`
--
ALTER TABLE `payments`
  ADD PRIMARY KEY (`id`),
  ADD KEY `order_id` (`order_id`);

--
-- Indeks untuk tabel `products`
--
ALTER TABLE `products`
  ADD PRIMARY KEY (`id`),
  ADD KEY `FK_products_product_category` (`category_id`);

--
-- Indeks untuk tabel `product_category`
--
ALTER TABLE `product_category`
  ADD PRIMARY KEY (`id`),
  ADD UNIQUE KEY `name` (`name`);

--
-- Indeks untuk tabel `reviews`
--
ALTER TABLE `reviews`
  ADD PRIMARY KEY (`id`),
  ADD KEY `FK_reviews_users` (`user_id`),
  ADD KEY `FK_reviews_orders` (`order_id`);

--
-- Indeks untuk tabel `settings`
--
ALTER TABLE `settings`
  ADD PRIMARY KEY (`id`) USING BTREE;

--
-- Indeks untuk tabel `users`
--
ALTER TABLE `users`
  ADD PRIMARY KEY (`id`) USING BTREE,
  ADD UNIQUE KEY `users_email_unique` (`email`) USING BTREE;

--
-- AUTO_INCREMENT untuk tabel yang dibuang
--

--
-- AUTO_INCREMENT untuk tabel `contacts`
--
ALTER TABLE `contacts`
  MODIFY `id` int(10) NOT NULL AUTO_INCREMENT, AUTO_INCREMENT=5;

--
-- AUTO_INCREMENT untuk tabel `coupons`
--
ALTER TABLE `coupons`
  MODIFY `id` bigint(20) NOT NULL AUTO_INCREMENT, AUTO_INCREMENT=8;

--
-- AUTO_INCREMENT untuk tabel `customers`
--
ALTER TABLE `customers`
  MODIFY `id` bigint(20) NOT NULL AUTO_INCREMENT, AUTO_INCREMENT=14;

--
-- AUTO_INCREMENT untuk tabel `orders`
--
ALTER TABLE `orders`
  MODIFY `id` bigint(20) NOT NULL AUTO_INCREMENT, AUTO_INCREMENT=19;

--
-- AUTO_INCREMENT untuk tabel `order_items`
--
ALTER TABLE `order_items`
  MODIFY `id` bigint(20) NOT NULL AUTO_INCREMENT, AUTO_INCREMENT=26;

--
-- AUTO_INCREMENT untuk tabel `payments`
--
ALTER TABLE `payments`
  MODIFY `id` bigint(20) NOT NULL AUTO_INCREMENT, AUTO_INCREMENT=8;

--
-- AUTO_INCREMENT untuk tabel `products`
--
ALTER TABLE `products`
  MODIFY `id` bigint(20) NOT NULL AUTO_INCREMENT, AUTO_INCREMENT=34;

--
-- AUTO_INCREMENT untuk tabel `product_category`
--
ALTER TABLE `product_category`
  MODIFY `id` int(10) NOT NULL AUTO_INCREMENT, AUTO_INCREMENT=15;

--
-- AUTO_INCREMENT untuk tabel `reviews`
--
ALTER TABLE `reviews`
  MODIFY `id` bigint(20) NOT NULL AUTO_INCREMENT, AUTO_INCREMENT=8;

--
-- AUTO_INCREMENT untuk tabel `settings`
--
ALTER TABLE `settings`
  MODIFY `id` int(10) NOT NULL AUTO_INCREMENT, AUTO_INCREMENT=13;

--
-- AUTO_INCREMENT untuk tabel `users`
--
ALTER TABLE `users`
  MODIFY `id` bigint(20) UNSIGNED NOT NULL AUTO_INCREMENT, AUTO_INCREMENT=18;

--
-- Ketidakleluasaan untuk tabel pelimpahan (Dumped Tables)
--

--
-- Ketidakleluasaan untuk tabel `contacts`
--
ALTER TABLE `contacts`
  ADD CONSTRAINT `FK_contacts_contacts` FOREIGN KEY (`parent_id`) REFERENCES `contacts` (`id`) ON DELETE CASCADE ON UPDATE NO ACTION;

--
-- Ketidakleluasaan untuk tabel `customers`
--
ALTER TABLE `customers`
  ADD CONSTRAINT `FK_customers_users` FOREIGN KEY (`user_id`) REFERENCES `users` (`id`) ON DELETE NO ACTION ON UPDATE CASCADE;

--
-- Ketidakleluasaan untuk tabel `orders`
--
ALTER TABLE `orders`
  ADD CONSTRAINT `FK_orders_coupons` FOREIGN KEY (`coupon_id`) REFERENCES `coupons` (`id`) ON DELETE SET NULL ON UPDATE CASCADE,
  ADD CONSTRAINT `FK_orders_users` FOREIGN KEY (`user_id`) REFERENCES `users` (`id`) ON DELETE NO ACTION ON UPDATE CASCADE;
COMMIT;

/*!40101 SET CHARACTER_SET_CLIENT=@OLD_CHARACTER_SET_CLIENT */;
/*!40101 SET CHARACTER_SET_RESULTS=@OLD_CHARACTER_SET_RESULTS */;
/*!40101 SET COLLATION_CONNECTION=@OLD_COLLATION_CONNECTION */;
