-- phpMyAdmin SQL Dump
-- version 5.1.1
-- https://www.phpmyadmin.net/
--
-- Host: 127.0.0.1
-- Generation Time: Nov 23, 2023 at 05:09 PM
-- Server version: 10.4.22-MariaDB
-- PHP Version: 7.3.33

SET SQL_MODE = "NO_AUTO_VALUE_ON_ZERO";
START TRANSACTION;
SET time_zone = "+00:00";


/*!40101 SET @OLD_CHARACTER_SET_CLIENT=@@CHARACTER_SET_CLIENT */;
/*!40101 SET @OLD_CHARACTER_SET_RESULTS=@@CHARACTER_SET_RESULTS */;
/*!40101 SET @OLD_COLLATION_CONNECTION=@@COLLATION_CONNECTION */;
/*!40101 SET NAMES utf8mb4 */;

--
-- Database: `lesehan`
--

-- --------------------------------------------------------

--
-- Table structure for table `ci_sessions`
--

CREATE TABLE `ci_sessions` (
  `id` varchar(128) NOT NULL,
  `ip_address` varchar(45) NOT NULL,
  `timestamp` int(10) UNSIGNED NOT NULL DEFAULT 0,
  `data` blob NOT NULL
) ENGINE=InnoDB DEFAULT CHARSET=utf8mb4;

--
-- Dumping data for table `ci_sessions`
--

INSERT INTO `ci_sessions` (`id`, `ip_address`, `timestamp`, `data`) VALUES
('cculm2ir77ava6ubhhkms0slsbqo9p0j', '::1', 1700748080, 0x5f5f63695f6c6173745f726567656e65726174657c693a313730303734383038303b),
('7bt1a60dhkb8q0gqtt6vjrbjqqjvci21', '::1', 1700745061, 0x5f5f63695f6c6173745f726567656e65726174657c693a313730303734353036313b7265646972656374696f6e7c4e3b5f5f4143544956455f53455353494f4e5f444154417c733a3235363a22663961633335343163313861363566383932303661653661386363643963653738376265316434376661353835633830303564383066383139613630656435663834376365643539303031336266386537393134376331666266313931336131613637383838373137353335373435623962613861643931663962636231356545735543494b3145336456457476524977327a39454f32386f39566e6c6e614b4d38385336625031496d4b56426b49584c775476542b59415932576b7a57784e586e334e7a5a3837532f4b7752654850574d41456f4e7849483357434a2b6263306a55656c576349725a6f72414e626b56516f612f4a2b4b616f5037545a5438223b),
('uin3d1vk6v1a1f9gc0k8t7hsib6es1hq', '::1', 1700745537, 0x5f5f63695f6c6173745f726567656e65726174657c693a313730303734353533373b7265646972656374696f6e7c4e3b5f5f4143544956455f53455353494f4e5f444154417c733a3235363a22663961633335343163313861363566383932303661653661386363643963653738376265316434376661353835633830303564383066383139613630656435663834376365643539303031336266386537393134376331666266313931336131613637383838373137353335373435623962613861643931663962636231356545735543494b3145336456457476524977327a39454f32386f39566e6c6e614b4d38385336625031496d4b56426b49584c775476542b59415932576b7a57784e586e334e7a5a3837532f4b7752654850574d41456f4e7849483357434a2b6263306a55656c576349725a6f72414e626b56516f612f4a2b4b616f5037545a5438223b),
('ug7a1uaqmvi6a8jkfr293r0jc4t8todo', '::1', 1700745892, 0x5f5f63695f6c6173745f726567656e65726174657c693a313730303734353839323b7265646972656374696f6e7c4e3b5f5f4143544956455f53455353494f4e5f444154417c733a3235363a22663961633335343163313861363566383932303661653661386363643963653738376265316434376661353835633830303564383066383139613630656435663834376365643539303031336266386537393134376331666266313931336131613637383838373137353335373435623962613861643931663962636231356545735543494b3145336456457476524977327a39454f32386f39566e6c6e614b4d38385336625031496d4b56426b49584c775476542b59415932576b7a57784e586e334e7a5a3837532f4b7752654850574d41456f4e7849483357434a2b6263306a55656c576349725a6f72414e626b56516f612f4a2b4b616f5037545a5438223b),
('rc4imlihue0rd8uai7kujkp90oas8bj6', '::1', 1700746304, 0x5f5f63695f6c6173745f726567656e65726174657c693a313730303734363330343b7265646972656374696f6e7c4e3b5f5f4143544956455f53455353494f4e5f444154417c733a3235363a22663961633335343163313861363566383932303661653661386363643963653738376265316434376661353835633830303564383066383139613630656435663834376365643539303031336266386537393134376331666266313931336131613637383838373137353335373435623962613861643931663962636231356545735543494b3145336456457476524977327a39454f32386f39566e6c6e614b4d38385336625031496d4b56426b49584c775476542b59415932576b7a57784e586e334e7a5a3837532f4b7752654850574d41456f4e7849483357434a2b6263306a55656c576349725a6f72414e626b56516f612f4a2b4b616f5037545a5438223b),
('k0i3370vq7djhmhna7q55cjgp4pj1evl', '::1', 1700746650, 0x5f5f63695f6c6173745f726567656e65726174657c693a313730303734363635303b7265646972656374696f6e7c4e3b5f5f4143544956455f53455353494f4e5f444154417c733a3235363a22663961633335343163313861363566383932303661653661386363643963653738376265316434376661353835633830303564383066383139613630656435663834376365643539303031336266386537393134376331666266313931336131613637383838373137353335373435623962613861643931663962636231356545735543494b3145336456457476524977327a39454f32386f39566e6c6e614b4d38385336625031496d4b56426b49584c775476542b59415932576b7a57784e586e334e7a5a3837532f4b7752654850574d41456f4e7849483357434a2b6263306a55656c576349725a6f72414e626b56516f612f4a2b4b616f5037545a5438223b),
('9uqlj3hna0acsrv6ljr9b93eo8icr6mc', '::1', 1700747410, 0x5f5f63695f6c6173745f726567656e65726174657c693a313730303734373431303b7265646972656374696f6e7c4e3b5f5f4143544956455f53455353494f4e5f444154417c733a3235363a22663961633335343163313861363566383932303661653661386363643963653738376265316434376661353835633830303564383066383139613630656435663834376365643539303031336266386537393134376331666266313931336131613637383838373137353335373435623962613861643931663962636231356545735543494b3145336456457476524977327a39454f32386f39566e6c6e614b4d38385336625031496d4b56426b49584c775476542b59415932576b7a57784e586e334e7a5a3837532f4b7752654850574d41456f4e7849483357434a2b6263306a55656c576349725a6f72414e626b56516f612f4a2b4b616f5037545a5438223b),
('2n2f1re6i89fs3qo6pc8bdulv1ndmbh2', '::1', 1700747793, 0x5f5f63695f6c6173745f726567656e65726174657c693a313730303734373739333b7265646972656374696f6e7c4e3b5f5f4143544956455f53455353494f4e5f444154417c733a3235363a22663961633335343163313861363566383932303661653661386363643963653738376265316434376661353835633830303564383066383139613630656435663834376365643539303031336266386537393134376331666266313931336131613637383838373137353335373435623962613861643931663962636231356545735543494b3145336456457476524977327a39454f32386f39566e6c6e614b4d38385336625031496d4b56426b49584c775476542b59415932576b7a57784e586e334e7a5a3837532f4b7752654850574d41456f4e7849483357434a2b6263306a55656c576349725a6f72414e626b56516f612f4a2b4b616f5037545a5438223b),
('lt27h7g40eao9nu9s40tckkh8u69su55', '::1', 1700748181, 0x5f5f63695f6c6173745f726567656e65726174657c693a313730303734383138313b7265646972656374696f6e7c4e3b5f5f4143544956455f53455353494f4e5f444154417c733a3235363a22663961633335343163313861363566383932303661653661386363643963653738376265316434376661353835633830303564383066383139613630656435663834376365643539303031336266386537393134376331666266313931336131613637383838373137353335373435623962613861643931663962636231356545735543494b3145336456457476524977327a39454f32386f39566e6c6e614b4d38385336625031496d4b56426b49584c775476542b59415932576b7a57784e586e334e7a5a3837532f4b7752654850574d41456f4e7849483357434a2b6263306a55656c576349725a6f72414e626b56516f612f4a2b4b616f5037545a5438223b),
('pfjfbopd7686m4n0rm8co91o2hnb9iim', '::1', 1700748729, 0x5f5f63695f6c6173745f726567656e65726174657c693a313730303734383732393b5f5f4143544956455f53455353494f4e5f444154417c733a3235363a223965633834656532376535353234633164343938613065373265346536613166366664313539393238363562633235646335396462393639613732633637336636323936373965343964666434333561363639336235376532643936323664613862636430646231376330346365373261363438316539313765333433386238584a3661566f7958765236783173584f6b54725264597931555532575339624f6f71356f4a43527a7069675764776d74633273495630722b6548733866474130524d38366530723459766f4d48774d4f5a587357773261524c5556706b6732706c30384b673157354e68364a327131716a734c726e6669617867687a38346134223b6f726465725f666c6173687c733a32363a224f7264657220626572686173696c20646974616d6261686b616e223b5f5f63695f766172737c613a313a7b733a31313a226f726465725f666c617368223b733a333a226f6c64223b7d),
('sm9fa6mipn793hi28qskcf417gmhhr9a', '::1', 1700748722, 0x5f5f63695f6c6173745f726567656e65726174657c693a313730303734383732323b7265646972656374696f6e7c4e3b5f5f4143544956455f53455353494f4e5f444154417c733a3235363a22663961633335343163313861363566383932303661653661386363643963653738376265316434376661353835633830303564383066383139613630656435663834376365643539303031336266386537393134376331666266313931336131613637383838373137353335373435623962613861643931663962636231356545735543494b3145336456457476524977327a39454f32386f39566e6c6e614b4d38385336625031496d4b56426b49584c775476542b59415932576b7a57784e586e334e7a5a3837532f4b7752654850574d41456f4e7849483357434a2b6263306a55656c576349725a6f72414e626b56516f612f4a2b4b616f5037545a5438223b),
('krr1bh5vnfi304ucre2t1q485jmhci5t', '::1', 1700749031, 0x5f5f63695f6c6173745f726567656e65726174657c693a313730303734393033313b7265646972656374696f6e7c4e3b5f5f4143544956455f53455353494f4e5f444154417c733a3235363a22663961633335343163313861363566383932303661653661386363643963653738376265316434376661353835633830303564383066383139613630656435663834376365643539303031336266386537393134376331666266313931336131613637383838373137353335373435623962613861643931663962636231356545735543494b3145336456457476524977327a39454f32386f39566e6c6e614b4d38385336625031496d4b56426b49584c775476542b59415932576b7a57784e586e334e7a5a3837532f4b7752654850574d41456f4e7849483357434a2b6263306a55656c576349725a6f72414e626b56516f612f4a2b4b616f5037545a5438223b),
('4an8tdb7m53ug8cdvq5jrugundeqp8p7', '::1', 1700749177, 0x5f5f63695f6c6173745f726567656e65726174657c693a313730303734393137373b5f5f4143544956455f53455353494f4e5f444154417c733a3235363a223965633834656532376535353234633164343938613065373265346536613166366664313539393238363562633235646335396462393639613732633637336636323936373965343964666434333561363639336235376532643936323664613862636430646231376330346365373261363438316539313765333433386238584a3661566f7958765236783173584f6b54725264597931555532575339624f6f71356f4a43527a7069675764776d74633273495630722b6548733866474130524d38366530723459766f4d48774d4f5a587357773261524c5556706b6732706c30384b673157354e68364a327131716a734c726e6669617867687a38346134223b6f726465725f666c6173687c733a32363a224f7264657220626572686173696c20646974616d6261686b616e223b5f5f63695f766172737c613a313a7b733a31313a226f726465725f666c617368223b733a333a226f6c64223b7d),
('i1liu127suv5cefmorcsu3vcq0nesgjl', '::1', 1700749467, 0x5f5f63695f6c6173745f726567656e65726174657c693a313730303734393436373b7265646972656374696f6e7c4e3b5f5f4143544956455f53455353494f4e5f444154417c733a3235363a22663961633335343163313861363566383932303661653661386363643963653738376265316434376661353835633830303564383066383139613630656435663834376365643539303031336266386537393134376331666266313931336131613637383838373137353335373435623962613861643931663962636231356545735543494b3145336456457476524977327a39454f32386f39566e6c6e614b4d38385336625031496d4b56426b49584c775476542b59415932576b7a57784e586e334e7a5a3837532f4b7752654850574d41456f4e7849483357434a2b6263306a55656c576349725a6f72414e626b56516f612f4a2b4b616f5037545a5438223b),
('rns5lvpptsvlaubetqvqgivsmrkf4p37', '::1', 1700749479, 0x5f5f63695f6c6173745f726567656e65726174657c693a313730303734393437393b5f5f4143544956455f53455353494f4e5f444154417c733a3235363a223965633834656532376535353234633164343938613065373265346536613166366664313539393238363562633235646335396462393639613732633637336636323936373965343964666434333561363639336235376532643936323664613862636430646231376330346365373261363438316539313765333433386238584a3661566f7958765236783173584f6b54725264597931555532575339624f6f71356f4a43527a7069675764776d74633273495630722b6548733866474130524d38366530723459766f4d48774d4f5a587357773261524c5556706b6732706c30384b673157354e68364a327131716a734c726e6669617867687a38346134223b636172745f636f6e74656e74737c613a333a7b733a31303a22636172745f746f74616c223b643a35313030303b733a31313a22746f74616c5f6974656d73223b643a333b733a33323a226634353763353435613964656438386631386563656534373134356137326330223b613a363a7b733a323a226964223b733a323a223439223b733a333a22717479223b643a333b733a353a227072696365223b643a31373030303b733a343a226e616d65223b733a31363a224e617369204179616d2050656e796574223b733a353a22726f776964223b733a33323a226634353763353435613964656438386631386563656534373134356137326330223b733a383a22737562746f74616c223b643a35313030303b7d7d),
('kpkbu1g7o4q0j2cb5obhm1uda9k9t91d', '::1', 1700749800, 0x5f5f63695f6c6173745f726567656e65726174657c693a313730303734393830303b7265646972656374696f6e7c4e3b5f5f4143544956455f53455353494f4e5f444154417c733a3235363a22663961633335343163313861363566383932303661653661386363643963653738376265316434376661353835633830303564383066383139613630656435663834376365643539303031336266386537393134376331666266313931336131613637383838373137353335373435623962613861643931663962636231356545735543494b3145336456457476524977327a39454f32386f39566e6c6e614b4d38385336625031496d4b56426b49584c775476542b59415932576b7a57784e586e334e7a5a3837532f4b7752654850574d41456f4e7849483357434a2b6263306a55656c576349725a6f72414e626b56516f612f4a2b4b616f5037545a5438223b),
('kvbr7j0i7006h77k7qm4okdss2sc48md', '::1', 1700749823, 0x5f5f63695f6c6173745f726567656e65726174657c693a313730303734393832333b5f5f4143544956455f53455353494f4e5f444154417c733a3235363a223965633834656532376535353234633164343938613065373265346536613166366664313539393238363562633235646335396462393639613732633637336636323936373965343964666434333561363639336235376532643936323664613862636430646231376330346365373261363438316539313765333433386238584a3661566f7958765236783173584f6b54725264597931555532575339624f6f71356f4a43527a7069675764776d74633273495630722b6548733866474130524d38366530723459766f4d48774d4f5a587357773261524c5556706b6732706c30384b673157354e68364a327131716a734c726e6669617867687a38346134223b6f726465725f666c6173687c733a32363a224f7264657220626572686173696c20646974616d6261686b616e223b5f5f63695f766172737c613a313a7b733a31313a226f726465725f666c617368223b733a333a226f6c64223b7d),
('9vp548vcdbtc4gtnn9jb1oquvif3gh5g', '::1', 1700750283, 0x5f5f63695f6c6173745f726567656e65726174657c693a313730303735303238333b7265646972656374696f6e7c4e3b5f5f4143544956455f53455353494f4e5f444154417c733a3235363a22663961633335343163313861363566383932303661653661386363643963653738376265316434376661353835633830303564383066383139613630656435663834376365643539303031336266386537393134376331666266313931336131613637383838373137353335373435623962613861643931663962636231356545735543494b3145336456457476524977327a39454f32386f39566e6c6e614b4d38385336625031496d4b56426b49584c775476542b59415932576b7a57784e586e334e7a5a3837532f4b7752654850574d41456f4e7849483357434a2b6263306a55656c576349725a6f72414e626b56516f612f4a2b4b616f5037545a5438223b),
('inimv8s56r2gnc7vh05pbl3sf364mil8', '::1', 1700750296, 0x5f5f63695f6c6173745f726567656e65726174657c693a313730303735303239363b5f5f4143544956455f53455353494f4e5f444154417c733a3235363a223965633834656532376535353234633164343938613065373265346536613166366664313539393238363562633235646335396462393639613732633637336636323936373965343964666434333561363639336235376532643936323664613862636430646231376330346365373261363438316539313765333433386238584a3661566f7958765236783173584f6b54725264597931555532575339624f6f71356f4a43527a7069675764776d74633273495630722b6548733866474130524d38366530723459766f4d48774d4f5a587357773261524c5556706b6732706c30384b673157354e68364a327131716a734c726e6669617867687a38346134223b),
('dpal27j1rmsasjfobbdqnm00m6oen5sv', '::1', 1700750646, 0x5f5f63695f6c6173745f726567656e65726174657c693a313730303735303634363b7265646972656374696f6e7c4e3b5f5f4143544956455f53455353494f4e5f444154417c733a3235363a22663961633335343163313861363566383932303661653661386363643963653738376265316434376661353835633830303564383066383139613630656435663834376365643539303031336266386537393134376331666266313931336131613637383838373137353335373435623962613861643931663962636231356545735543494b3145336456457476524977327a39454f32386f39566e6c6e614b4d38385336625031496d4b56426b49584c775476542b59415932576b7a57784e586e334e7a5a3837532f4b7752654850574d41456f4e7849483357434a2b6263306a55656c576349725a6f72414e626b56516f612f4a2b4b616f5037545a5438223b),
('tveji25g6kg6a54j9va2k2dlbvs3qqek', '::1', 1700750652, 0x5f5f63695f6c6173745f726567656e65726174657c693a313730303735303635323b5f5f4143544956455f53455353494f4e5f444154417c733a3235363a223965633834656532376535353234633164343938613065373265346536613166366664313539393238363562633235646335396462393639613732633637336636323936373965343964666434333561363639336235376532643936323664613862636430646231376330346365373261363438316539313765333433386238584a3661566f7958765236783173584f6b54725264597931555532575339624f6f71356f4a43527a7069675764776d74633273495630722b6548733866474130524d38366530723459766f4d48774d4f5a587357773261524c5556706b6732706c30384b673157354e68364a327131716a734c726e6669617867687a38346134223b6f726465725f666c6173687c733a32363a224f7264657220626572686173696c20646974616d6261686b616e223b5f5f63695f766172737c613a313a7b733a31313a226f726465725f666c617368223b733a333a226f6c64223b7d),
('034js26o5vhfheg58vhmmku33u1d00kn', '::1', 1700750980, 0x5f5f63695f6c6173745f726567656e65726174657c693a313730303735303938303b7265646972656374696f6e7c4e3b5f5f4143544956455f53455353494f4e5f444154417c733a3235363a22663961633335343163313861363566383932303661653661386363643963653738376265316434376661353835633830303564383066383139613630656435663834376365643539303031336266386537393134376331666266313931336131613637383838373137353335373435623962613861643931663962636231356545735543494b3145336456457476524977327a39454f32386f39566e6c6e614b4d38385336625031496d4b56426b49584c775476542b59415932576b7a57784e586e334e7a5a3837532f4b7752654850574d41456f4e7849483357434a2b6263306a55656c576349725a6f72414e626b56516f612f4a2b4b616f5037545a5438223b),
('pjjb12sq8mace9oj6r1ei72dcp1bu33v', '::1', 1700752064, 0x5f5f63695f6c6173745f726567656e65726174657c693a313730303735323036343b5f5f4143544956455f53455353494f4e5f444154417c733a3235363a223965633834656532376535353234633164343938613065373265346536613166366664313539393238363562633235646335396462393639613732633637336636323936373965343964666434333561363639336235376532643936323664613862636430646231376330346365373261363438316539313765333433386238584a3661566f7958765236783173584f6b54725264597931555532575339624f6f71356f4a43527a7069675764776d74633273495630722b6548733866474130524d38366530723459766f4d48774d4f5a587357773261524c5556706b6732706c30384b673157354e68364a327131716a734c726e6669617867687a38346134223b6f726465725f666c6173687c733a32363a224f7264657220626572686173696c20646974616d6261686b616e223b5f5f63695f766172737c613a313a7b733a31313a226f726465725f666c617368223b733a333a226f6c64223b7d),
('pg6ij6s5m88pqq1ul5tvq6nt0lg9r9ru', '::1', 1700751347, 0x5f5f63695f6c6173745f726567656e65726174657c693a313730303735313334373b7265646972656374696f6e7c4e3b5f5f4143544956455f53455353494f4e5f444154417c733a3235363a22663961633335343163313861363566383932303661653661386363643963653738376265316434376661353835633830303564383066383139613630656435663834376365643539303031336266386537393134376331666266313931336131613637383838373137353335373435623962613861643931663962636231356545735543494b3145336456457476524977327a39454f32386f39566e6c6e614b4d38385336625031496d4b56426b49584c775476542b59415932576b7a57784e586e334e7a5a3837532f4b7752654850574d41456f4e7849483357434a2b6263306a55656c576349725a6f72414e626b56516f612f4a2b4b616f5037545a5438223b),
('5lh70go7gisr4rknr6htri9smt1600i7', '::1', 1700751714, 0x5f5f63695f6c6173745f726567656e65726174657c693a313730303735313731343b7265646972656374696f6e7c4e3b5f5f4143544956455f53455353494f4e5f444154417c733a3235363a22663961633335343163313861363566383932303661653661386363643963653738376265316434376661353835633830303564383066383139613630656435663834376365643539303031336266386537393134376331666266313931336131613637383838373137353335373435623962613861643931663962636231356545735543494b3145336456457476524977327a39454f32386f39566e6c6e614b4d38385336625031496d4b56426b49584c775476542b59415932576b7a57784e586e334e7a5a3837532f4b7752654850574d41456f4e7849483357434a2b6263306a55656c576349725a6f72414e626b56516f612f4a2b4b616f5037545a5438223b),
('8pl26vdl77kt9uin4fsu7bb3qracvngp', '::1', 1700752024, 0x5f5f63695f6c6173745f726567656e65726174657c693a313730303735323032343b7265646972656374696f6e7c4e3b5f5f4143544956455f53455353494f4e5f444154417c733a3235363a22663961633335343163313861363566383932303661653661386363643963653738376265316434376661353835633830303564383066383139613630656435663834376365643539303031336266386537393134376331666266313931336131613637383838373137353335373435623962613861643931663962636231356545735543494b3145336456457476524977327a39454f32386f39566e6c6e614b4d38385336625031496d4b56426b49584c775476542b59415932576b7a57784e586e334e7a5a3837532f4b7752654850574d41456f4e7849483357434a2b6263306a55656c576349725a6f72414e626b56516f612f4a2b4b616f5037545a5438223b),
('q3c0g1bsb83pri8j3ldud14datpfeqph', '::1', 1700753394, 0x5f5f63695f6c6173745f726567656e65726174657c693a313730303735333339343b7265646972656374696f6e7c4e3b5f5f4143544956455f53455353494f4e5f444154417c733a3235363a22663961633335343163313861363566383932303661653661386363643963653738376265316434376661353835633830303564383066383139613630656435663834376365643539303031336266386537393134376331666266313931336131613637383838373137353335373435623962613861643931663962636231356545735543494b3145336456457476524977327a39454f32386f39566e6c6e614b4d38385336625031496d4b56426b49584c775476542b59415932576b7a57784e586e334e7a5a3837532f4b7752654850574d41456f4e7849483357434a2b6263306a55656c576349725a6f72414e626b56516f612f4a2b4b616f5037545a5438223b),
('9gru9siq6subsuof5ob17dub4kigh75c', '::1', 1700752386, 0x5f5f63695f6c6173745f726567656e65726174657c693a313730303735323338363b7265646972656374696f6e7c4e3b5f5f4143544956455f53455353494f4e5f444154417c733a3235363a22393839616462353130313262376639646466363637323637323264663534393938636536393433393630353966353165336630643333616162376264353135643939366435336463316366306365633134366636366639336562313638656663303639396435393637663963336534666633386536346536616336333939306466587234667154756d7a45774d61495534736b5771494571367952417776593755435644455930396b34447531667351616a314d4343343754376f4654536465696d45444468732f73394f745a524e50616a3146624d6d4a4238304539473742336d5747522b4d6334444c34684a795243306d6b6748456a6956756945764539223b),
('9g8v74h89d62cojub4tu7r38qkt86u9m', '::1', 1700752942, 0x5f5f63695f6c6173745f726567656e65726174657c693a313730303735323934323b7265646972656374696f6e7c4e3b5f5f4143544956455f53455353494f4e5f444154417c733a3235363a22393839616462353130313262376639646466363637323637323264663534393938636536393433393630353966353165336630643333616162376264353135643939366435336463316366306365633134366636366639336562313638656663303639396435393637663963336534666633386536346536616336333939306466587234667154756d7a45774d61495534736b5771494571367952417776593755435644455930396b34447531667351616a314d4343343754376f4654536465696d45444468732f73394f745a524e50616a3146624d6d4a4238304539473742336d5747522b4d6334444c34684a795243306d6b6748456a6956756945764539223b),
('bfdn075hb46s3h9mhqji64u6knas0nb2', '::1', 1700753375, 0x5f5f63695f6c6173745f726567656e65726174657c693a313730303735333337353b7265646972656374696f6e7c4e3b5f5f4143544956455f53455353494f4e5f444154417c733a3235363a22393839616462353130313262376639646466363637323637323264663534393938636536393433393630353966353165336630643333616162376264353135643939366435336463316366306365633134366636366639336562313638656663303639396435393637663963336534666633386536346536616336333939306466587234667154756d7a45774d61495534736b5771494571367952417776593755435644455930396b34447531667351616a314d4343343754376f4654536465696d45444468732f73394f745a524e50616a3146624d6d4a4238304539473742336d5747522b4d6334444c34684a795243306d6b6748456a6956756945764539223b),
('ur5oisc0et6skrr0kj05e2tp0aoe3gd3', '::1', 1700753378, 0x5f5f63695f6c6173745f726567656e65726174657c693a313730303735333337353b7265646972656374696f6e7c4e3b5f5f4143544956455f53455353494f4e5f444154417c733a3235363a22393839616462353130313262376639646466363637323637323264663534393938636536393433393630353966353165336630643333616162376264353135643939366435336463316366306365633134366636366639336562313638656663303639396435393637663963336534666633386536346536616336333939306466587234667154756d7a45774d61495534736b5771494571367952417776593755435644455930396b34447531667351616a314d4343343754376f4654536465696d45444468732f73394f745a524e50616a3146624d6d4a4238304539473742336d5747522b4d6334444c34684a795243306d6b6748456a6956756945764539223b),
('2rcu4hcv47mkideu1hal79ett1eqf0tp', '::1', 1700753825, 0x5f5f63695f6c6173745f726567656e65726174657c693a313730303735333832353b7265646972656374696f6e7c4e3b5f5f4143544956455f53455353494f4e5f444154417c733a3235363a22663961633335343163313861363566383932303661653661386363643963653738376265316434376661353835633830303564383066383139613630656435663834376365643539303031336266386537393134376331666266313931336131613637383838373137353335373435623962613861643931663962636231356545735543494b3145336456457476524977327a39454f32386f39566e6c6e614b4d38385336625031496d4b56426b49584c775476542b59415932576b7a57784e586e334e7a5a3837532f4b7752654850574d41456f4e7849483357434a2b6263306a55656c576349725a6f72414e626b56516f612f4a2b4b616f5037545a5438223b),
('ekhltdgu2ipaal0ldqjdd0ms4lj3otd9', '::1', 1700754144, 0x5f5f63695f6c6173745f726567656e65726174657c693a313730303735343134343b7265646972656374696f6e7c4e3b5f5f4143544956455f53455353494f4e5f444154417c733a3235363a22663961633335343163313861363566383932303661653661386363643963653738376265316434376661353835633830303564383066383139613630656435663834376365643539303031336266386537393134376331666266313931336131613637383838373137353335373435623962613861643931663962636231356545735543494b3145336456457476524977327a39454f32386f39566e6c6e614b4d38385336625031496d4b56426b49584c775476542b59415932576b7a57784e586e334e7a5a3837532f4b7752654850574d41456f4e7849483357434a2b6263306a55656c576349725a6f72414e626b56516f612f4a2b4b616f5037545a5438223b),
('956rdhucnu66uddllcj8h7qsb61pum4c', '::1', 1700754482, 0x5f5f63695f6c6173745f726567656e65726174657c693a313730303735343438323b7265646972656374696f6e7c4e3b5f5f4143544956455f53455353494f4e5f444154417c733a3235363a22663961633335343163313861363566383932303661653661386363643963653738376265316434376661353835633830303564383066383139613630656435663834376365643539303031336266386537393134376331666266313931336131613637383838373137353335373435623962613861643931663962636231356545735543494b3145336456457476524977327a39454f32386f39566e6c6e614b4d38385336625031496d4b56426b49584c775476542b59415932576b7a57784e586e334e7a5a3837532f4b7752654850574d41456f4e7849483357434a2b6263306a55656c576349725a6f72414e626b56516f612f4a2b4b616f5037545a5438223b),
('qo82e9hasvl9fgl60k1741p8np6npu6u', '::1', 1700754787, 0x5f5f63695f6c6173745f726567656e65726174657c693a313730303735343738373b7265646972656374696f6e7c4e3b5f5f4143544956455f53455353494f4e5f444154417c733a3235363a22663961633335343163313861363566383932303661653661386363643963653738376265316434376661353835633830303564383066383139613630656435663834376365643539303031336266386537393134376331666266313931336131613637383838373137353335373435623962613861643931663962636231356545735543494b3145336456457476524977327a39454f32386f39566e6c6e614b4d38385336625031496d4b56426b49584c775476542b59415932576b7a57784e586e334e7a5a3837532f4b7752654850574d41456f4e7849483357434a2b6263306a55656c576349725a6f72414e626b56516f612f4a2b4b616f5037545a5438223b),
('rob5i4anpsar1vo5n01mvmtev4tl6it3', '::1', 1700754787, 0x5f5f63695f6c6173745f726567656e65726174657c693a313730303735343738373b7265646972656374696f6e7c4e3b5f5f4143544956455f53455353494f4e5f444154417c733a3235363a22663961633335343163313861363566383932303661653661386363643963653738376265316434376661353835633830303564383066383139613630656435663834376365643539303031336266386537393134376331666266313931336131613637383838373137353335373435623962613861643931663962636231356545735543494b3145336456457476524977327a39454f32386f39566e6c6e614b4d38385336625031496d4b56426b49584c775476542b59415932576b7a57784e586e334e7a5a3837532f4b7752654850574d41456f4e7849483357434a2b6263306a55656c576349725a6f72414e626b56516f612f4a2b4b616f5037545a5438223b);

-- --------------------------------------------------------

--
-- Table structure for table `contacts`
--

CREATE TABLE `contacts` (
  `id` int(10) NOT NULL,
  `parent_id` int(10) DEFAULT NULL,
  `name` varchar(32) NOT NULL,
  `subject` varchar(128) DEFAULT NULL,
  `no_hp` varchar(64) NOT NULL,
  `message` mediumtext NOT NULL,
  `contact_date` datetime DEFAULT NULL,
  `status` tinyint(1) DEFAULT 1,
  `reply_at` datetime DEFAULT NULL
) ENGINE=InnoDB DEFAULT CHARSET=utf8mb4;

--
-- Dumping data for table `contacts`
--

INSERT INTO `contacts` (`id`, `parent_id`, `name`, `subject`, `no_hp`, `message`, `contact_date`, `status`, `reply_at`) VALUES
(9, NULL, 'M Rifqi', 'Pelayanan ', '082374233385', 'Pelayanan disana lama', '2023-11-23 16:16:19', 1, NULL),
(10, NULL, 'M Rifqi', 'Kebersihan', '082374233385', 'Sudah bersih', '2023-11-23 16:23:34', 1, NULL);

-- --------------------------------------------------------

--
-- Table structure for table `coupons`
--

CREATE TABLE `coupons` (
  `id` bigint(20) NOT NULL,
  `name` varchar(191) NOT NULL,
  `code` varchar(32) NOT NULL,
  `credit` decimal(8,2) NOT NULL,
  `start_date` date NOT NULL,
  `expired_date` date NOT NULL,
  `is_active` tinyint(4) DEFAULT 1
) ENGINE=InnoDB DEFAULT CHARSET=utf8mb4;

-- --------------------------------------------------------

--
-- Table structure for table `customers`
--

CREATE TABLE `customers` (
  `id` bigint(20) NOT NULL,
  `user_id` bigint(20) UNSIGNED DEFAULT NULL,
  `name` varchar(191) NOT NULL,
  `phone_number` varchar(32) DEFAULT NULL,
  `address` varchar(191) NOT NULL,
  `profile_picture` varchar(191) DEFAULT NULL
) ENGINE=InnoDB DEFAULT CHARSET=utf8mb4;

--
-- Dumping data for table `customers`
--

INSERT INTO `customers` (`id`, `user_id`, `name`, `phone_number`, `address`, `profile_picture`) VALUES
(42, 46, 'M Rifqi', '082374233384', 'Anggut Bawah', 'profil6.png'),
(43, 47, 'Fadilah Syakirah', '081272412432', 'Sawah Lebar', 'profil25.jpg'),
(44, 48, 'Kahfi Zairan', '081214134134', 'Kopri', '52.jpg'),
(45, 49, 'Vilda Aprilia', '082134141341', 'Sawah Lebar', '62.jpg');

-- --------------------------------------------------------

--
-- Table structure for table `orders`
--

CREATE TABLE `orders` (
  `id` bigint(20) NOT NULL,
  `user_id` bigint(20) UNSIGNED DEFAULT NULL,
  `coupon_id` bigint(20) DEFAULT NULL,
  `order_number` varchar(16) NOT NULL,
  `order_status` enum('1','2','3','4','5') DEFAULT '1',
  `order_date` datetime NOT NULL,
  `total_price` decimal(8,2) DEFAULT NULL,
  `total_items` int(10) DEFAULT NULL,
  `payment_method` int(11) DEFAULT 1,
  `delivery_data` text DEFAULT NULL,
  `delivered_date` datetime DEFAULT NULL,
  `finish_date` datetime DEFAULT NULL
) ENGINE=InnoDB DEFAULT CHARSET=utf8mb4;

--
-- Dumping data for table `orders`
--

INSERT INTO `orders` (`id`, `user_id`, `coupon_id`, `order_number`, `order_status`, `order_date`, `total_price`, `total_items`, `payment_method`, `delivery_data`, `delivered_date`, `finish_date`) VALUES
(38, 46, NULL, 'CDX231123146096', '3', '2023-11-23 15:12:46', '72000.00', 1, 2, '{\"customer\":{\"name\":\"M Rifqi\",\"phone_number\":\"082374233384\",\"address\":null},\"note\":\"\"}', NULL, NULL),
(39, 46, NULL, 'JIM231123146106', '3', '2023-11-23 15:24:46', '51000.00', 1, 2, '{\"customer\":{\"name\":\"M Rifqi\",\"phone_number\":\"082374233384\",\"address\":null},\"note\":\"\"}', NULL, NULL),
(40, 46, NULL, 'GKE231123146083', '3', '2023-11-23 15:28:37', '102000.00', 1, 2, '{\"customer\":{\"name\":\"M Rifqi\",\"phone_number\":\"082374233384\",\"address\":null},\"note\":\"\"}', NULL, NULL),
(41, 46, NULL, 'QJH231123146231', '3', '2023-11-23 15:30:37', '36000.00', 1, 2, '{\"customer\":{\"name\":\"M Rifqi\",\"phone_number\":\"082374233384\",\"address\":null},\"note\":\"\"}', NULL, NULL),
(44, 46, NULL, 'OQX231123146961', '3', '2023-11-23 15:44:24', '18000.00', 1, 2, '{\"customer\":{\"name\":\"M Rifqi\",\"phone_number\":\"082374233384\",\"address\":null},\"note\":\"\"}', NULL, NULL);

-- --------------------------------------------------------

--
-- Table structure for table `order_items`
--

CREATE TABLE `order_items` (
  `id` bigint(20) NOT NULL,
  `order_id` bigint(20) DEFAULT NULL,
  `product_id` bigint(20) DEFAULT NULL,
  `order_qty` int(10) NOT NULL,
  `order_price` decimal(8,2) DEFAULT NULL
) ENGINE=InnoDB DEFAULT CHARSET=utf8mb4;

--
-- Dumping data for table `order_items`
--

INSERT INTO `order_items` (`id`, `order_id`, `product_id`, `order_qty`, `order_price`) VALUES
(55, 35, 50, 1, '18000.00'),
(58, 38, 48, 4, '18000.00'),
(59, 39, 49, 3, '17000.00'),
(60, 40, 49, 6, '17000.00'),
(61, 41, 48, 2, '18000.00'),
(62, 42, 48, 2, '18000.00'),
(63, 43, 50, 1, '18000.00'),
(64, 44, 50, 1, '18000.00');

-- --------------------------------------------------------

--
-- Table structure for table `payments`
--

CREATE TABLE `payments` (
  `id` bigint(20) NOT NULL,
  `order_id` bigint(20) DEFAULT NULL,
  `payment_price` decimal(8,2) DEFAULT NULL,
  `payment_date` datetime NOT NULL,
  `picture_name` varchar(191) DEFAULT NULL,
  `payment_status` enum('1','2','3') DEFAULT '1',
  `confirmed_date` datetime DEFAULT NULL,
  `payment_data` text DEFAULT NULL
) ENGINE=InnoDB DEFAULT CHARSET=utf8mb4;

-- --------------------------------------------------------

--
-- Table structure for table `products`
--

CREATE TABLE `products` (
  `id` bigint(20) NOT NULL,
  `category_id` int(10) DEFAULT NULL,
  `sku` varchar(32) DEFAULT NULL,
  `name` varchar(191) NOT NULL,
  `description` varchar(191) DEFAULT NULL,
  `picture_name` varchar(191) DEFAULT NULL,
  `price` decimal(8,2) NOT NULL,
  `current_discount` decimal(8,2) DEFAULT 0.00,
  `stock` int(10) NOT NULL,
  `product_unit` varchar(32) DEFAULT NULL,
  `is_available` tinyint(1) DEFAULT 1,
  `add_date` datetime DEFAULT NULL
) ENGINE=InnoDB DEFAULT CHARSET=utf8mb4;

--
-- Dumping data for table `products`
--

INSERT INTO `products` (`id`, `category_id`, `sku`, `name`, `description`, `picture_name`, `price`, `current_discount`, `stock`, `product_unit`, `is_available`, `add_date`) VALUES
(48, 1, 'NAGM1100963', 'Nasi Ayam Goreng', 'ayam goreng lezatt', 'ayam_goreng2.jpg', '18000.00', NULL, 100, 'porsi', 1, '2023-11-13 04:59:22'),
(49, 1, 'NAPM1100058', 'Nasi Ayam Penyet', NULL, 'ayam_penyet.jpg', '17000.00', '0.00', 100, 'porsi', 1, '2023-11-13 05:00:58'),
(50, 1, 'NINGM1100124', 'Nasi Ikan Nila Goreng', NULL, 'nasi_nila_goreng.jpg', '18000.00', '0.00', 100, 'porsi', 1, '2023-11-13 05:02:04'),
(51, 1, 'NLBM1100174', 'Nasi Lele Bakar', NULL, 'nasi_lele_bakar.jpg', '15000.00', '0.00', 100, 'porsi', 1, '2023-11-13 05:02:54'),
(52, 1, 'NLGM1100211', 'Nasi Lele Goreng', NULL, 'nasi_lele_goreng.jpeg', '15000.00', '0.00', 100, 'porsi', 1, '2023-11-13 05:03:31'),
(53, 1, 'NGTM1100257', 'Nasi Goreng Telur', NULL, 'nasi_goreng_telur.jpg', '10000.00', '0.00', 100, 'porsi', 1, '2023-11-13 05:04:17'),
(54, 1, 'KGM1100303', 'Kwetiau Goreng', NULL, 'kwetiau_goreng.jpg', '13000.00', '0.00', 100, 'porsi', 1, '2023-11-13 05:05:03'),
(55, 1, 'KKM1100382', 'Kwetiau Kuah', NULL, 'kwetiau_kuah.jpg', '13000.00', '0.00', 100, 'porsi', 1, '2023-11-13 05:06:22'),
(56, 1, 'SAM1100406', 'Soto Ayam', NULL, 'soto_ayam.jpg', '13000.00', '0.00', 100, 'porsi', 1, '2023-11-13 05:06:46'),
(57, 1, 'JAM5100433', 'Nasi Ayam Bakar', NULL, 'Ayam-Bakar.jpg', '17000.00', '0.00', 100, 'porsi', 1, '2023-11-13 05:07:13'),
(58, 1, 'JMM5100468', 'Nasi Ayam Geprek', NULL, 'Ayam-geprek.jpg', '10000.00', '0.00', 100, 'porsi', 1, '2023-11-13 05:07:48'),
(59, 1, 'JCM5100501', 'Nasi Nila Bakar', NULL, 'nila_bakar.jpg', '18000.00', '0.00', 100, 'gelas', 1, '2023-11-13 05:08:21'),
(60, 2, 'JNM5100539', 'Jus Nanas', NULL, 'jus_nanas.jpg', '5000.00', '0.00', 100, 'gelas', 1, '2023-11-13 05:08:59'),
(61, 2, 'JMM5100568', 'Jus Melon', NULL, 'jus_melon.jpg', '5000.00', '0.00', 100, 'gelas', 1, '2023-11-13 05:09:28'),
(62, 2, 'JNM8100594', 'Jus Naga', NULL, 'jus_naga.jpg', '8000.00', '0.00', 100, 'gelas', 1, '2023-11-13 05:09:54'),
(63, 2, 'JSM5100633', 'Jus Sirsak', NULL, 'jus_sirsak.jpg', '5000.00', '0.00', 100, 'gelas', 1, '2023-11-13 05:10:33'),
(65, 2, 'JJBM5100749', 'Jus Jambu Biji', NULL, 'jus_jambu_biji.jpg', '5000.00', '0.00', 100, 'gelas', 1, '2023-11-13 05:12:29'),
(66, 2, 'JTM5100802', 'Jus Tomat', NULL, 'jus_tomat.jpg', '5000.00', '0.00', 100, 'gelas', 1, '2023-11-13 05:13:22'),
(67, 2, 'JWM5100834', 'Jus Wortel', NULL, 'jus_wortel.jpg', '5000.00', '0.00', 100, 'gelas', 1, '2023-11-13 05:13:54'),
(68, 2, 'EJM5100862', 'Es Jeruk', NULL, 'es_jeruk.jpg', '5000.00', '0.00', 100, 'gelas', 1, '2023-11-13 05:14:22'),
(69, 2, 'EKM2100893', 'Es Kosong', NULL, 'es_kosong.jpg', '2000.00', '0.00', 100, 'gelas', 1, '2023-11-13 05:14:53'),
(70, 2, 'JAM5100484', 'Jus Alpukat', NULL, 'jus_alpukat.jpg', '5000.00', '0.00', 100, 'gelas', 1, '2023-11-13 05:24:44'),
(71, 2, 'JAM5100067', 'Jus Apel', NULL, 'jus_apel1.jpg', '5000.00', '0.00', 100, 'gelas', 1, '2023-11-13 05:34:27'),
(72, 2, 'JCM5100068', 'Jus Cappucino', NULL, 'jus_cappucino.jpg', '5000.00', '0.00', 100, 'gelas', 1, '2023-11-13 05:51:08'),
(73, 2, 'ETM5100093', 'Es Teh', NULL, 'es-teh.jpg', '5000.00', '0.00', 100, 'gelas', 1, '2023-11-13 05:51:33');

-- --------------------------------------------------------

--
-- Table structure for table `product_category`
--

CREATE TABLE `product_category` (
  `id` int(10) NOT NULL,
  `name` varchar(191) NOT NULL
) ENGINE=InnoDB DEFAULT CHARSET=utf8mb4;

--
-- Dumping data for table `product_category`
--

INSERT INTO `product_category` (`id`, `name`) VALUES
(1, 'Makanan'),
(2, 'Minuman');

-- --------------------------------------------------------

--
-- Table structure for table `reviews`
--

CREATE TABLE `reviews` (
  `id` bigint(20) NOT NULL,
  `user_id` bigint(20) UNSIGNED DEFAULT NULL,
  `order_id` bigint(20) DEFAULT NULL,
  `title` varchar(191) DEFAULT NULL,
  `review_text` mediumtext NOT NULL,
  `review_date` datetime NOT NULL,
  `status` tinyint(1) NOT NULL DEFAULT 1
) ENGINE=InnoDB DEFAULT CHARSET=utf8mb4;

--
-- Dumping data for table `reviews`
--

INSERT INTO `reviews` (`id`, `user_id`, `order_id`, `title`, `review_text`, `review_date`, `status`) VALUES
(17, 46, 44, 'Santapan', 'Lezatt sekali', '2023-11-23 16:12:25', 1),
(18, 46, 38, 'Makanan', 'Rasanya mau mesan lagii', '2023-11-23 16:13:06', 1),
(19, 46, 39, 'Ayam gorengg', 'rasa ayamnya sangat lembut', '2023-11-23 16:14:01', 1);

-- --------------------------------------------------------

--
-- Table structure for table `settings`
--

CREATE TABLE `settings` (
  `id` int(10) NOT NULL,
  `key` varchar(32) NOT NULL,
  `content` text NOT NULL
) ENGINE=InnoDB DEFAULT CHARSET=utf8mb4;

--
-- Dumping data for table `settings`
--

INSERT INTO `settings` (`id`, `key`, `content`) VALUES
(1, 'current_theme_name', 'vegefoods'),
(2, 'store_name', 'Lesehan Raihan'),
(3, 'store_phone_number', '085788239884'),
(4, 'store_email', 'lesehanraihan@gmail.com'),
(5, 'store_tagline', 'Berdiri Sejak Tahun 2010'),
(6, 'store_logo', 'logo1.png'),
(7, 'max_product_image_size', '20000'),
(8, 'store_description', 'Selamat datang di Lesehan Raihan! Telah berdiri sejak tahun 2010. Dengan menu yang beragam dan cita rasa yang autentik, kami berkomitmen untuk menyajikan pengalaman kuliner yang memuaskan. Kunjungi kami dan rasakan atmosfer santai ala mahasiswa sambil menikmati hidangan istimewa kami. Lesehan Raihan, tempatnya untuk makan enak tanpa harus merogoh kocek dalam!'),
(9, 'store_address', 'Jl. WR. Supratman, Kandang Limun, Kec. Muara Bangka Hulu, Kota Bengkulu, Bengkulu 38119'),
(10, 'min_shop_to_free_shipping_cost', ''),
(11, 'shipping_cost', ''),
(12, 'payment_banks', '{\"bank-bri\":{\"bank\":\"Bank BRI\",\"number\":\"3283 01 027465 53 1\",\"name\":\"M Rifqi\"},\"bank-bni\":{\"bank\":\"Bank BNI\",\"number\":\"5383 06 527335 53 4\",\"name\":\"Fadilah\"},\"dana\":{\"bank\":\"Dana\",\"number\":\"085788239884\",\"name\":\"M Rifqi\"}}');

-- --------------------------------------------------------

--
-- Table structure for table `users`
--

CREATE TABLE `users` (
  `id` bigint(20) UNSIGNED NOT NULL,
  `name` varchar(50) COLLATE utf8mb4_unicode_ci DEFAULT NULL,
  `email` varchar(191) COLLATE utf8mb4_unicode_ci NOT NULL,
  `email_verified_at` timestamp NULL DEFAULT NULL,
  `username` varchar(16) COLLATE utf8mb4_unicode_ci NOT NULL,
  `password` varchar(191) COLLATE utf8mb4_unicode_ci NOT NULL,
  `profile_picture` varchar(128) COLLATE utf8mb4_unicode_ci DEFAULT NULL,
  `role` varchar(32) COLLATE utf8mb4_unicode_ci DEFAULT '0' COMMENT '1 = admin, 2 = customer',
  `register_date` datetime DEFAULT NULL
) ENGINE=InnoDB DEFAULT CHARSET=utf8mb4 COLLATE=utf8mb4_unicode_ci;

--
-- Dumping data for table `users`
--

INSERT INTO `users` (`id`, `name`, `email`, `email_verified_at`, `username`, `password`, `profile_picture`, `role`, `register_date`) VALUES
(1, 'ADMIN', 'lesehanraihan@gmail.com', NULL, 'admin', '$2y$10$Brm3RNWFKvZ1e0ej1vBz9.QbFMW21q0l/iDSt5aDOoGj9zlLFuxh6', 'admin1.jpeg', 'admin', NULL),
(46, NULL, 'rifqiaf7@gmail.com', NULL, 'Rifqi', '$2y$10$fQrKvSNUyWbVGYRa9GJGxerywRH9r5izpr067jsugyz3R9TSEFcnm', NULL, 'customer', '2023-11-23 15:01:53'),
(47, NULL, 'diah@gmail.com', NULL, 'Fadilah', '$2y$10$SHWXFTfNzK29XcM8M8GKJ.DOePcwGX8uaEZQx6975RRaqfO1cTvFi', NULL, 'customer', '2023-11-23 16:08:23'),
(48, NULL, 'kaps@gmail.com', NULL, 'Kahfi', '$2y$10$6.phiWiBGvTxeZc7aWDQuuANTLzUHf8w31qqsRkPKKHRJlK9K43WO', NULL, 'customer', '2023-11-23 16:09:05'),
(49, NULL, 'vilda@gmailcom', NULL, 'Vilda ', '$2y$10$VVmPB6eOUSyJbQY1.V/lneyr46ofjcdxJT7S8pCFP9Fobup/GnMr2', NULL, 'customer', '2023-11-23 16:10:02');

--
-- Indexes for dumped tables
--

--
-- Indexes for table `ci_sessions`
--
ALTER TABLE `ci_sessions`
  ADD KEY `ci_sessions_timestamp` (`timestamp`);

--
-- Indexes for table `contacts`
--
ALTER TABLE `contacts`
  ADD PRIMARY KEY (`id`),
  ADD KEY `FK_contacts_contacts` (`parent_id`);

--
-- Indexes for table `coupons`
--
ALTER TABLE `coupons`
  ADD PRIMARY KEY (`id`);

--
-- Indexes for table `customers`
--
ALTER TABLE `customers`
  ADD PRIMARY KEY (`id`),
  ADD KEY `FK_customers_users` (`user_id`);

--
-- Indexes for table `orders`
--
ALTER TABLE `orders`
  ADD PRIMARY KEY (`id`),
  ADD KEY `FK_orders_users` (`user_id`),
  ADD KEY `FK_orders_coupons` (`coupon_id`);

--
-- Indexes for table `order_items`
--
ALTER TABLE `order_items`
  ADD PRIMARY KEY (`id`),
  ADD KEY `order_id` (`order_id`),
  ADD KEY `product_id` (`product_id`);

--
-- Indexes for table `payments`
--
ALTER TABLE `payments`
  ADD PRIMARY KEY (`id`),
  ADD KEY `order_id` (`order_id`);

--
-- Indexes for table `products`
--
ALTER TABLE `products`
  ADD PRIMARY KEY (`id`),
  ADD KEY `FK_products_product_category` (`category_id`);

--
-- Indexes for table `product_category`
--
ALTER TABLE `product_category`
  ADD PRIMARY KEY (`id`),
  ADD UNIQUE KEY `name` (`name`);

--
-- Indexes for table `reviews`
--
ALTER TABLE `reviews`
  ADD PRIMARY KEY (`id`),
  ADD KEY `FK_reviews_users` (`user_id`),
  ADD KEY `FK_reviews_orders` (`order_id`);

--
-- Indexes for table `settings`
--
ALTER TABLE `settings`
  ADD PRIMARY KEY (`id`) USING BTREE;

--
-- Indexes for table `users`
--
ALTER TABLE `users`
  ADD PRIMARY KEY (`id`) USING BTREE,
  ADD UNIQUE KEY `users_email_unique` (`email`) USING BTREE;

--
-- AUTO_INCREMENT for dumped tables
--

--
-- AUTO_INCREMENT for table `contacts`
--
ALTER TABLE `contacts`
  MODIFY `id` int(10) NOT NULL AUTO_INCREMENT, AUTO_INCREMENT=11;

--
-- AUTO_INCREMENT for table `coupons`
--
ALTER TABLE `coupons`
  MODIFY `id` bigint(20) NOT NULL AUTO_INCREMENT, AUTO_INCREMENT=8;

--
-- AUTO_INCREMENT for table `customers`
--
ALTER TABLE `customers`
  MODIFY `id` bigint(20) NOT NULL AUTO_INCREMENT, AUTO_INCREMENT=46;

--
-- AUTO_INCREMENT for table `orders`
--
ALTER TABLE `orders`
  MODIFY `id` bigint(20) NOT NULL AUTO_INCREMENT, AUTO_INCREMENT=45;

--
-- AUTO_INCREMENT for table `order_items`
--
ALTER TABLE `order_items`
  MODIFY `id` bigint(20) NOT NULL AUTO_INCREMENT, AUTO_INCREMENT=65;

--
-- AUTO_INCREMENT for table `payments`
--
ALTER TABLE `payments`
  MODIFY `id` bigint(20) NOT NULL AUTO_INCREMENT, AUTO_INCREMENT=13;

--
-- AUTO_INCREMENT for table `products`
--
ALTER TABLE `products`
  MODIFY `id` bigint(20) NOT NULL AUTO_INCREMENT, AUTO_INCREMENT=74;

--
-- AUTO_INCREMENT for table `product_category`
--
ALTER TABLE `product_category`
  MODIFY `id` int(10) NOT NULL AUTO_INCREMENT, AUTO_INCREMENT=15;

--
-- AUTO_INCREMENT for table `reviews`
--
ALTER TABLE `reviews`
  MODIFY `id` bigint(20) NOT NULL AUTO_INCREMENT, AUTO_INCREMENT=20;

--
-- AUTO_INCREMENT for table `settings`
--
ALTER TABLE `settings`
  MODIFY `id` int(10) NOT NULL AUTO_INCREMENT, AUTO_INCREMENT=13;

--
-- AUTO_INCREMENT for table `users`
--
ALTER TABLE `users`
  MODIFY `id` bigint(20) UNSIGNED NOT NULL AUTO_INCREMENT, AUTO_INCREMENT=50;

--
-- Constraints for dumped tables
--

--
-- Constraints for table `contacts`
--
ALTER TABLE `contacts`
  ADD CONSTRAINT `FK_contacts_contacts` FOREIGN KEY (`parent_id`) REFERENCES `contacts` (`id`) ON DELETE CASCADE ON UPDATE NO ACTION;

--
-- Constraints for table `customers`
--
ALTER TABLE `customers`
  ADD CONSTRAINT `FK_customers_users` FOREIGN KEY (`user_id`) REFERENCES `users` (`id`) ON DELETE NO ACTION ON UPDATE CASCADE;

--
-- Constraints for table `orders`
--
ALTER TABLE `orders`
  ADD CONSTRAINT `FK_orders_coupons` FOREIGN KEY (`coupon_id`) REFERENCES `coupons` (`id`) ON DELETE SET NULL ON UPDATE CASCADE,
  ADD CONSTRAINT `FK_orders_users` FOREIGN KEY (`user_id`) REFERENCES `users` (`id`) ON DELETE NO ACTION ON UPDATE CASCADE;
COMMIT;

/*!40101 SET CHARACTER_SET_CLIENT=@OLD_CHARACTER_SET_CLIENT */;
/*!40101 SET CHARACTER_SET_RESULTS=@OLD_CHARACTER_SET_RESULTS */;
/*!40101 SET COLLATION_CONNECTION=@OLD_COLLATION_CONNECTION */;
